"MIXINGCOEFFICIENT.1.","MIXINGCOEFFICIENT.2.","MIXINGCOEFFICIENT.3.","MIXINGCOEFFICIENT.4.","MIXINGCOEFFICIENT.5.","MIXINGCOEFFICIENT.6.","MIXINGCOEFFICIENT.7.","MIXINGCOEFFICIENT.8.","MIXINGCOEFFICIENT.9.","MIXINGCOEFFICIENT.10.","MIXINGCOEFFICIENT.11.","MIXINGCOEFFICIENT.12.","MIXINGCOEFFICIENT.13.","MIXINGCOEFFICIENT.14.","MIXINGCOEFFICIENT.15.","MIXINGCOEFFICIENT.16.","MIXINGCOEFFICIENT.17.","MIXINGCOEFFICIENT.18.","MIXINGCOEFFICIENT.19.","MIXINGCOEFFICIENT.20.","MIXINGCOEFFICIENT.21.","MIXINGCOEFFICIENT.22.","MIXINGCOEFFICIENT.23.","MIXINGCOEFFICIENT.24.","MIXINGCOEFFICIENT.25.","MIXINGCOEFFICIENT.26.","MIXINGCOEFFICIENT.27.","MIXINGCOEFFICIENT.28.","MIXINGCOEFFICIENT.29.","MIXINGCOEFFICIENT.30.","MIXINGCOEFFICIENT.31.","MIXINGCOEFFICIENT.32.","MIXINGCOEFFICIENT.33.","MIXINGCOEFFICIENT.34.","MIXINGCOEFFICIENT.35.","MIXINGCOEFFICIENT.36.","MIXINGCOEFFICIENT.37.","MIXINGCOEFFICIENT.38.","MIXINGCOEFFICIENT.39.","MIXINGCOEFFICIENT.40.","MIXINGCOEFFICIENT.41.","MIXINGCOEFFICIENT.42.","MIXINGCOEFFICIENT.43.","MIXINGCOEFFICIENT.44.","MIXINGCOEFFICIENT.45.","MIXINGCOEFFICIENT.46.","MIXINGCOEFFICIENT.47.","MIXINGCOEFFICIENT.48.","MIXINGCOEFFICIENT.49.","MIXINGCOEFFICIENT.50.","MIXINGCOEFFICIENT.51."
"1",0.00011534351,0.016869486,0.032202537,0.046456919,0.059905709,0.072701169,0.084940327,0.096690933,0.10800353,0.11891778,0.12946618,0.13967623,0.149572,0.1591751,0.16850538,0.17758147,0.18642119,0.19504181,0.20346035,0.2116937,0.21975884,0.22767292,0.23545338,0.24311801,0.25068507,0.25817325,0.24506108,0.23212116,0.21935636,0.20677021,0.194367,0.18215176,0.17013032,0.15830932,0.14669636,0.13529997,0.12412979,0.11319665,0.10251272,0.092091665,0.081948825,0.07210143,0.062568787,0.053372424,0.044536068,0.036085184,0.028045452,0.020438615,0.013271508,0.0065056154,4.2446945e-06
"2",9.8238979e-05,0.014316033,0.027343015,0.039521234,0.051070804,0.062111056,0.072716027,0.082937363,0.092813413,0.10237409,0.11164386,0.12064351,0.1293914,0.13790411,0.14619727,0.15428548,0.16218305,0.16990385,0.17746161,0.18487049,0.19214474,0.19929894,0.20634797,0.21330712,0.22017496,0.22698386,0.21571733,0.20457482,0.19358907,0.18273579,0.17203165,0.16147994,0.15108447,0.14084962,0.13078033,0.12088215,0.11116133,0.10162483,0.092280425,0.083136781,0.074203594,0.065491723,0.057013376,0.048782345,0.040814303,0.033127201,0.025741802,0.018682459,0.011978633,0.0056718252,3.306536e-06
"3",0.00011751916,0.017084731,0.032530158,0.046895618,0.060462248,0.073381772,0.085749153,0.097630127,0.10907362,0.12011812,0.13079537,0.14113241,0.15115293,0.16087854,0.17032909,0.17952332,0.18847919,0.19721436,0.20574618,0.21409202,0.22226931,0.23029574,0.23818932,0.24596866,0.25365281,0.26126139,0.24802677,0.23496765,0.22208573,0.20938335,0.19686353,0.18452998,0.17238714,0.1604402,0.1486952,0.13715908,0.12583978,0.11474637,0.10388919,0.093280095,0.082932664,0.072862582,0.06308809,0.053630624,0.044515728,0.035774397,0.027445228,0.019578183,0.012242583,0.0055528712,2.9027105e-06
"4",6.4781104e-05,0.0092337395,0.017729808,0.025843438,0.033692035,0.041329164,0.048781596,0.056065955,0.063192775,0.070169343,0.077001631,0.083694346,0.090251743,0.09667774,0.10297606,0.10915078,0.11520634,0.12114719,0.12697803,0.13270423,0.13833133,0.14386546,0.14931324,0.15464707,0.15972876,0.164908,0.1569764,0.14922894,0.14144897,0.13366413,0.12595392,0.11832337,0.11077789,0.10332329,0.095965858,0.088712354,0.08157012,0.074547126,0.067652074,0.0608945,0.054284916,0.047834981,0.041557706,0.035467724,0.029581625,0.023918374,0.018499852,0.013351556,0.0085037115,0.0039956987,2.3151068e-06
"5",0.00011019769,0.016031554,0.030505487,0.043941881,0.056608459,0.068652865,0.080168826,0.091222112,0.10186202,0.11212754,0.12205085,0.13165931,0.14097694,0.15002536,0.15882464,0.16739361,0.17575026,0.18391221,0.19189661,0.19972096,0.20740268,0.21495939,0.22240898,0.22976968,0.23706011,0.24429934,0.23206304,0.2199996,0.20810992,0.1963955,0.18485833,0.17350098,0.16232654,0.15133869,0.14054166,0.12994032,0.11954015,0.1093473,0.099368661,0.089611868,0.080085388,0.070798568,0.061761688,0.052985993,0.044483675,0.036267719,0.02835148,0.020747614,0.013465622,0.0065080842,3.9653324e-06
"6",0.00011347688,0.016516691,0.031422711,0.04525055,0.058276939,0.070653407,0.082475712,0.093810522,0.10470736,0.11520566,0.125338,0.13513237,0.14461333,0.15380306,0.16272211,0.1713898,0.17982461,0.18804449,0.19606709,0.20390998,0.2115908,0.21912736,0.22653781,0.23384067,0.2410549,0.24819999,0.23555047,0.22307722,0.21078142,0.19866488,0.18673004,0.17498002,0.16341864,0.15205044,0.14088079,0.12991588,0.11916291,0.10863012,0.098327004,0.088264461,0.078455057,0.068913347,0.059656307,0.050703928,0.042080045,0.033813565,0.025940378,0.018506674,0.011575914,0.0052518136,2.7275563e-06
"7",6.9400727e-05,0.0099881046,0.019140787,0.02780879,0.036130043,0.044171549,0.05197104,0.059553931,0.066937041,0.07413364,0.081154147,0.088006829,0.094699267,0.10123806,0.10762953,0.11388027,0.11999655,0.12598514,0.13185261,0.13760594,0.14325258,0.14880022,0.15423488,0.15952017,0.16445379,0.16941479,0.1614811,0.15340531,0.1451919,0.13715694,0.12911801,0.12117167,0.11332292,0.10557715,0.097940301,0.090418847,0.083019907,0.075751323,0.068621781,0.06164096,0.054819723,0.048170367,0.041706966,0.035445831,0.029406174,0.023611088,0.018089096,0.01287685,0.0080247809,0.003615145,1.8388191e-06
"8",7.548241e-05,0.010820497,0.020652517,0.029910947,0.038759841,0.047280892,0.055522431,0.063516237,0.07128505,0.078845986,0.086212279,0.093395591,0.10040643,0.10725449,0.11394882,0.12049794,0.12691093,0.13319663,0.13936418,0.14542271,0.15138188,0.15725198,0.16304349,0.16876725,0.17443445,0.18005668,0.17130444,0.16264902,0.15409268,0.14563802,0.13728797,0.12904579,0.12091509,0.11289982,0.10500426,0.09723306,0.089591224,0.082084133,0.074717562,0.067497695,0.060431147,0.053524977,0.046786708,0.04022432,0.033846219,0.027661129,0.021677823,0.01590451,0.01034752,0.0050102718,3.0606534e-06
"9",6.5318495e-05,0.009377839,0.017882425,0.025864684,0.033466448,0.040762523,0.047796566,0.054599147,0.061192148,0.067591631,0.073810314,0.079859236,0.08574883,0.091488593,0.097087415,0.10255368,0.1078956,0.11312144,0.11823929,0.12325749,0.12818441,0.1330287,0.13779925,0.14242417,0.14691154,0.15136211,0.14429276,0.13675772,0.12939587,0.12222819,0.11507038,0.10800784,0.101044,0.09418266,0.087428009,0.080784686,0.074257796,0.067852968,0.061576405,0.055434959,0.049436212,0.043588578,0.037901432,0.032385269,0.027051904,0.021914745,0.016989182,0.012293213,0.0078488183,0.0036880316,2.0897238e-06
"10",9.3647877e-05,0.013633307,0.025921455,0.037302689,0.048008807,0.058167481,0.067860171,0.077144108,0.086062499,0.094649449,0.10293298,0.11093691,0.11868205,0.12618712,0.13346929,0.1405447,0.14742872,0.15413626,0.16068198,0.16708044,0.17334622,0.17949405,0.18553891,0.19149608,0.19738119,0.20321027,0.19283424,0.18260474,0.17252261,0.16258923,0.15280648,0.1431768,0.13370319,0.12438925,0.11523923,0.1062581,0.097451604,0.088826357,0.080389989,0.072151291,0.064120416,0.056309161,0.048731322,0.041403206,0.034344346,0.027578575,0.021135737,0.015054714,0.0093899491,0.0042329664,2.145826e-06
"11",7.2038467e-05,0.010387486,0.019789404,0.028576468,0.036913646,0.044885855,0.052545688,0.059928502,0.06705991,0.07396024,0.080646386,0.087133132,0.093433324,0.099558609,0.10551978,0.11132706,0.11699025,0.1225189,0.12792257,0.13321074,0.13839314,0.14347963,0.14848033,0.15340564,0.15826633,0.16306564,0.1548623,0.14674969,0.1387376,0.13082814,0.12302383,0.11532759,0.10774277,0.10027322,0.092923281,0.085697871,0.07860254,0.071643562,0.064828041,0.05816406,0.051660869,0.045329144,0.039181334,0.033232163,0.027499369,0.022004846,0.01677657,0.011852184,0.0072870616,0.0031807748,1.3999962e-06
"12",6.4670353e-05,0.0093682458,0.01797767,0.026113964,0.033899269,0.041394525,0.048639081,0.055657335,0.062467875,0.069085874,0.075523289,0.081790033,0.087895185,0.093847132,0.099653706,0.10532257,0.11086096,0.11627652,0.12157696,0.12677018,0.13186435,0.13686794,0.14178978,0.146521,0.15095317,0.15535504,0.14845095,0.1405173,0.13313511,0.12568565,0.11828822,0.11098469,0.10377894,0.096675261,0.089678397,0.082793573,0.076026574,0.069383812,0.062872427,0.056500403,0.050276726,0.044211584,0.038316638,0.032605387,0.027093694,0.021800557,0.016749331,0.011969888,0.0075032035,0.0034163761,1.8058148e-06
"13",0.00014200269,0.020698069,0.039376983,0.056696926,0.073003146,0.088486604,0.10326803,0.11743207,0.13104231,0.14414867,0.15679277,0.16901014,0.18083226,0.19228742,0.203402,0.21420104,0.22470845,0.23494762,0.24494188,0.25471443,0.26428885,0.27368871,0.2829382,0.29206201,0.30089039,0.31000156,0.29405367,0.27864969,0.26342854,0.24835977,0.23352763,0.21893561,0.20458799,0.19048987,0.17664728,0.16306716,0.14975752,0.13672748,0.12398742,0.11154907,0.099425727,0.087632391,0.076185984,0.065105564,0.054412529,0.044130753,0.034286521,0.024907971,0.016023477,0.0076602507,4.6315239e-06
"14",7.937203e-05,0.01144495,0.021800158,0.031475407,0.040654405,0.049432607,0.057869422,0.06600495,0.073868218,0.081481963,0.088864823,0.096032519,0.10299929,0.10977793,0.11638029,0.12281744,0.12910035,0.13523971,0.14124607,0.14713004,0.1529024,0.15857432,0.16415714,0.16966253,0.17510252,0.18048954,0.17147039,0.16256088,0.15376282,0.14507847,0.13651052,0.12806209,0.11973681,0.11153879,0.10347267,0.095543666,0.087757647,0.080121167,0.072641568,0.065327084,0.058186963,0.051231633,0.044472899,0.037924197,0.031600925,0.025520893,0.019704981,0.014178306,0.0089730589,0.0041409192,2.1783286e-06
"15",5.6359016e-05,0.0080927503,0.015429601,0.022310829,0.028861943,0.035145938,0.041201536,0.047054592,0.052723781,0.058223437,0.063565354,0.068759529,0.073814755,0.078739096,0.083540034,0.088224733,0.092800179,0.097273253,0.10165098,0.10594041,0.11014874,0.11428339,0.11835212,0.12236289,0.12632405,0.1302444,0.12376499,0.11735979,0.11103054,0.10477925,0.098608264,0.092520198,0.086518011,0.080605003,0.074784844,0.069061609,0.063439818,0.057924484,0.052521176,0.047236095,0.042076168,0.037049166,0.032163858,0.027430205,0.022859629,0.018465374,0.014263056,0.010271568,0.0065150229,0.003030137,1.6880724e-06
"16",6.4605367e-05,0.009267992,0.017608792,0.025382615,0.032745242,0.039778105,0.046530642,0.053036128,0.059318792,0.065397334,0.071286751,0.076999285,0.082545837,0.0879364,0.093180034,0.098285612,0.10326181,0.10811774,0.11286228,0.11750434,0.12205291,0.12651708,0.13090617,0.13522971,0.13949754,0.14371983,0.13647045,0.1293108,0.12224232,0.11526679,0.10838637,0.10160357,0.094921292,0.088342863,0.081872047,0.075513109,0.069270859,0.063150729,0.057158862,0.051302232,0.045588792,0.040027683,0.034629506,0.029406707,0.024374129,0.019549852,0.014956561,0.010624014,0.0065944858,0.0029407832,1.4212747e-06
"17",7.1674967e-05,0.01039183,0.019800793,0.028570305,0.036865455,0.044775412,0.052356323,0.059647013,0.066676139,0.073466446,0.080036564,0.086402575,0.092578538,0.098577039,0.10441002,0.11008868,0.11562381,0.12102594,0.12630544,0.13147274,0.13653829,0.14151278,0.14640714,0.15123257,0.15597475,0.16070826,0.15259523,0.14462603,0.13673764,0.12895782,0.12128864,0.11373256,0.10629246,0.098971648,0.091773908,0.084703542,0.077765414,0.070965022,0.064308572,0.057803084,0.051456517,0.045277934,0.039277714,0.033467835,0.027862264,0.022477513,0.017333501,0.012455019,0.0078748246,0.0036443186,2.0129852e-06
"18",6.6053007e-05,0.0095655297,0.018203608,0.026239012,0.033828348,0.041055676,0.047974357,0.05462134,0.061024286,0.067204977,0.07318127,0.078968431,0.084579866,0.09002764,0.095322998,0.1004765,0.10549837,0.11039849,0.11518689,0.11987356,0.12446858,0.12898212,0.13342454,0.13780648,0.14213883,0.1464328,0.13904733,0.13176202,0.12457792,0.11749643,0.11051928,0.10364856,0.096886705,0.090236557,0.083701351,0.07728477,0.07099098,0.064824679,0.058791154,0.052896359,0.047146996,0.041550621,0.036115764,0.030852072,0.025770462,0.020883282,0.016204438,0.011749439,0.0075353272,0.0035822248,2.1412148e-06
"19",7.413497e-05,0.010761035,0.020448963,0.029423126,0.037867094,0.045882408,0.05353415,0.060868228,0.067919318,0.074715082,0.081278571,0.087629511,0.093785487,0.099762435,0.10557516,0.11123767,0.11676342,0.12216545,0.12745667,0.13264983,0.13775764,0.14279297,0.14776874,0.15269803,0.15759413,0.16247052,0.15440676,0.14646686,0.13865079,0.13095878,0.12339127,0.11594892,0.1086326,0.10144338,0.094382484,0.087451348,0.080651552,0.073984835,0.067453075,0.06105827,0.054802504,0.048687905,0.042716557,0.03689037,0.031210837,0.025678597,0.02029259,0.015048322,0.0099339569,0.0049210495,3.1528535e-06
"20",7.5584995e-05,0.010974534,0.020802424,0.029854907,0.038311301,0.046292487,0.053875205,0.061109619,0.068035688,0.074684381,0.081082318,0.087251653,0.093213617,0.098986217,0.1045865,0.11002986,0.11533229,0.12050712,0.12556877,0.13053036,0.13540601,0.1402093,0.1449538,0.14965255,0.15431982,0.15896894,0.15104634,0.14325353,0.13558283,0.12803488,0.12060873,0.11330444,0.10612254,0.0990636,0.092128364,0.085317605,0.07863196,0.072071249,0.065635001,0.059331402,0.053164456,0.047137403,0.041253682,0.035516615,0.029928663,0.024497349,0.019228265,0.014126417,0.0091963966,0.0044433263,2.6524575e-06
"21",5.3044349e-05,0.0076661247,0.0144058,0.020648711,0.026487532,0.032019607,0.037272087,0.042278406,0.047065811,0.051655064,0.056065267,0.060300747,0.064372967,0.06831412,0.072119392,0.07580298,0.079373941,0.08284182,0.086212884,0.089501357,0.092710593,0.095856008,0.098945456,0.10199189,0.10500285,0.10798919,0.10248548,0.097081499,0.091769298,0.086550979,0.081427584,0.076402749,0.071479024,0.066666018,0.061968935,0.057388826,0.052925619,0.048578474,0.044343491,0.040215119,0.036182827,0.032157038,0.028123619,0.024177601,0.020350555,0.01664444,0.013061061,0.0096001199,0.0062636648,0.0030469651,1.8666788e-06
"22",5.4259155e-05,0.0078252754,0.014838666,0.021320872,0.027407004,0.033171774,0.038662567,0.043912701,0.048947734,0.053787988,0.058450313,0.06294922,0.067297521,0.071506828,0.075587909,0.079550939,0.083405685,0.087161655,0.090828277,0.094414877,0.097930855,0.10138561,0.10478863,0.10814982,0.11147919,0.11478692,0.10895096,0.10320755,0.097557415,0.092001495,0.086540945,0.081177119,0.075911571,0.070746051,0.065682495,0.06072302,0.055869908,0.051125587,0.046492599,0.041973553,0.037571055,0.033287602,0.029125436,0.025086397,0.021171529,0.017380571,0.01371117,0.010157421,0.0067067297,0.0033319427,2.161146e-06
"23",9.7704299e-05,0.014211305,0.026956146,0.038704125,0.049706746,0.060104024,0.069985844,0.079415607,0.088441127,0.097100341,0.10542462,0.11344078,0.12117249,0.12864109,0.13586634,0.14286685,0.14966047,0.15626455,0.16269618,0.16897235,0.1751101,0.18112665,0.18703943,0.19286619,0.19862505,0.20433446,0.19376385,0.18336081,0.17312541,0.16305823,0.15316035,0.14343339,0.13387954,0.12450156,0.11530284,0.10628748,0.097460317,0.088827032,0.080394255,0.072169703,0.064162346,0.056382632,0.048842769,0.041557108,0.034542657,0.027819815,0.021413491,0.015354993,0.0096860002,0.0044721601,2.4893334e-06
"24",7.4338058e-05,0.010782645,0.020436241,0.029328614,0.037651927,0.045512977,0.052980284,0.060102167,0.066915062,0.073447882,0.079724524,0.085765429,0.091588602,0.097210309,0.10264558,0.10790856,0.11301282,0.11797154,0.12279769,0.12750417,0.1321039,0.13660993,0.14103547,0.14539398,0.14969917,0.15396502,0.14596343,0.13808913,0.13034223,0.12272319,0.11523288,0.10787253,0.10064381,0.093548819,0.086590144,0.079770886,0.073094726,0.066566001,0.060189792,0.05397205,0.047919748,0.042041095,0.03634581,0.030845522,0.025554321,0.020489623,0.01567354,0.011135404,0.0069172971,0.003092389,1.5158343e-06
"25",7.4214314e-05,0.010724758,0.020362921,0.029295142,0.037705296,0.045692383,0.053318865,0.060628298,0.06765305,0.074418502,0.080945655,0.087252378,0.093354362,0.099265782,0.10499976,0.11056868,0.11598446,0.12125874,0.12640305,0.13142889,0.13634784,0.14117167,0.14591237,0.15058218,0.15519362,0.15971479,0.15158525,0.14352699,0.13558551,0.12776206,0.12005825,0.11247612,0.10501813,0.097687164,0.090486626,0.08342044,0.076493127,0.069709887,0.063076687,0.056600397,0.050288949,0.044151555,0.038199004,0.032444071,0.026902102,0.021591896,0.016537125,0.011768844,0.0073308805,0.0032972235,1.6571358e-06
"26",8.1584171e-05,0.011831566,0.022411035,0.032144397,0.04124439,0.049829394,0.057975484,0.065736402,0.073152742,0.080256774,0.08707522,0.093630983,0.099944274,0.10603339,0.11191526,0.11760587,0.12312057,0.12847427,0.13368169,0.13875748,0.14371632,0.14857305,0.15334269,0.15804054,0.16268217,0.16728348,0.15856042,0.14998099,0.14154501,0.13325268,0.12510461,0.11710187,0.10924595,0.10153883,0.093983028,0.086581597,0.079338233,0.072257333,0.065344096,0.058604686,0.052046405,0.045677886,0.039509394,0.033553228,0.027824286,0.022340902,0.017126135,0.012209969,0.0076338477,0.0034653039,1.8183911e-06
"27",6.3603469e-05,0.0091897802,0.017368744,0.024866594,0.03185209,0.038419104,0.044628095,0.050521925,0.056133108,0.061487617,0.066607075,0.071510115,0.076213272,0.080731599,0.085079105,0.089269082,0.093314355,0.097227469,0.10102084,0.1047069,0.10829813,0.1118072,0.115247,0.11863066,0.12186929,0.12504139,0.11841419,0.11193356,0.10556028,0.099295226,0.093141068,0.087100692,0.081177307,0.075373679,0.06969203,0.064138188,0.05871536,0.053426952,0.048277009,0.043270323,0.038412497,0.033710072,0.029170284,0.024801078,0.020610949,0.016608867,0.012804613,0.0092098815,0.0058398107,0.0027191845,1.5238409e-06
"28",5.3874194e-05,0.0076738013,0.014320116,0.020274667,0.025761314,0.030859789,0.035624212,0.039890535,0.043930057,0.047736633,0.051286799,0.05467817,0.057782244,0.060826078,0.063659533,0.066317311,0.068854582,0.071228822,0.073445184,0.075519082,0.077468733,0.079309733,0.081060875,0.082729596,0.084331265,0.085895999,0.08126859,0.076777702,0.072385565,0.068080233,0.063916968,0.059977998,0.056212753,0.052604087,0.049149322,0.045837337,0.042670986,0.039635942,0.036645226,0.033746602,0.030633942,0.027293818,0.02395581,0.020692581,0.017507155,0.014397809,0.011360233,0.0083961193,0.0055052252,0.0026965606,1.7070548e-06
"29",7.7633598e-05,0.011228365,0.021235523,0.030423175,0.03898139,0.047039151,0.054673363,0.061934975,0.068863793,0.075491056,0.081843981,0.087943701,0.093810527,0.099461948,0.10491578,0.11018673,0.11528989,0.12024124,0.12505358,0.12974253,0.13432266,0.13880803,0.14321346,0.14755397,0.15184489,0.15610359,0.14804764,0.14013189,0.13234503,0.12468936,0.11716311,0.10976322,0.10248271,0.095332463,0.088320353,0.081449771,0.074723718,0.068144844,0.061712987,0.055441856,0.049339822,0.04341351,0.037670645,0.032120242,0.026772941,0.021641269,0.016740012,0.012087082,0.0077042691,0.0036214351,2.0825403e-06
"30",6.1847784e-05,0.0087993851,0.016395385,0.023142874,0.029398881,0.035144286,0.040558274,0.04557784,0.050282139,0.054684253,0.058644092,0.062240864,0.065619964,0.068760972,0.07169037,0.074371492,0.076871578,0.079170312,0.080898747,0.08268983,0.084379833,0.085975869,0.087482917,0.088927678,0.090331352,0.091690196,0.086499379,0.081457877,0.076511991,0.071664706,0.066924806,0.062287618,0.057754182,0.053335479,0.049033131,0.044845982,0.040796109,0.036877445,0.033065909,0.029441416,0.025884871,0.022652138,0.019592005,0.016727388,0.014020745,0.011358314,0.0088268927,0.0063979354,0.0041718378,0.0020420942,1.2609399e-06
"31",8.731093e-05,0.012508385,0.023370216,0.032992241,0.0419911,0.050416411,0.058316028,0.065774064,0.072824865,0.079520687,0.085856196,0.091917751,0.097680499,0.10319371,0.10848088,0.11354493,0.11842218,0.12308976,0.12758273,0.13192499,0.13614194,0.14023286,0.14423078,0.14813219,0.15196823,0.15576133,0.14761433,0.1396218,0.13175424,0.12400905,0.11640996,0.10895523,0.10162513,0.09442422,0.087445816,0.080656635,0.074032613,0.067669095,0.061529626,0.055595519,0.049894594,0.04444889,0.039235364,0.033922296,0.028540192,0.023232603,0.01807459,0.013141762,0.0084520614,0.0040321793,2.439552e-06
"32",0.00011185535,0.016284764,0.030868603,0.044271603,0.056799346,0.068614263,0.079797437,0.09045308,0.10062963,0.110373,0.11971849,0.12865441,0.13720143,0.14542936,0.15335074,0.16099283,0.16829448,0.17516926,0.18197738,0.18860405,0.19507301,0.20140724,0.20763599,0.21378139,0.21986869,0.22592662,0.21450448,0.20329531,0.19226172,0.18141247,0.17075166,0.1602804,0.15000127,0.13990588,0.12999131,0.12026934,0.11073218,0.10138276,0.092226634,0.083263859,0.074484129,0.06585359,0.057392751,0.04917325,0.041208666,0.033509886,0.026096187,0.01899261,0.012223368,0.0058217874,3.4447089e-06
"33",0.00012540799,0.018261536,0.034631222,0.049685818,0.06376922,0.077067098,0.089691506,0.10172414,0.11322747,0.12425072,0.13483587,0.14501851,0.15483052,0.16429919,0.17345402,0.18231672,0.19091429,0.19926904,0.20740357,0.21534345,0.22311136,0.23072851,0.2382224,0.24561542,0.25293175,0.26019906,0.24685723,0.23374253,0.22084445,0.20816652,0.19571106,0.18347898,0.17147096,0.15968619,0.14810919,0.1367496,0.12562976,0.11475593,0.1041348,0.093773664,0.083680022,0.073860353,0.064331125,0.055104951,0.046194164,0.03761164,0.029370024,0.021479992,0.013946408,0.0067613266,4.1933339e-06
"34",0.00010283464,0.014953111,0.028337121,0.040628947,0.052109645,0.062942931,0.073222029,0.083008556,0.092355135,0.10130471,0.10988627,0.11812842,0.12605836,0.13369822,0.14107129,0.14819623,0.15509546,0.16178538,0.1682861,0.17461718,0.18079578,0.1868403,0.19277296,0.1986105,0.20437439,0.21008633,0.19926061,0.18861836,0.17814102,0.16783419,0.1576999,0.14773867,0.13795223,0.12834231,0.11890799,0.10964719,0.10057316,0.091676067,0.082966204,0.074466399,0.066182731,0.058128762,0.050318526,0.042765203,0.035483589,0.028501647,0.021848328,0.015562372,0.0097005391,0.0043640704,2.22937e-06
"35",5.5986399e-05,0.0079390588,0.014792041,0.020843663,0.026392522,0.031510018,0.036270123,0.04062284,0.044711125,0.048481683,0.051864753,0.054917614,0.057742863,0.060299397,0.062430087,0.064593378,0.066683022,0.068720908,0.070720429,0.072671555,0.07458976,0.076523016,0.078685286,0.080790919,0.082849511,0.084889547,0.080500595,0.076195451,0.071947721,0.067767128,0.063649939,0.05959775,0.055614468,0.051703268,0.047867692,0.04411278,0.040416695,0.036869376,0.033446095,0.030116413,0.026941017,0.023927569,0.021054529,0.018420599,0.015914118,0.013438048,0.010920706,0.0081175651,0.0053557774,0.002658765,1.7367332e-06
"36",5.3694157e-05,0.0076855417,0.014418794,0.020504566,0.026092475,0.031265554,0.036077394,0.04056622,0.044761339,0.048686556,0.052362156,0.055806173,0.05903524,0.0620652,0.064909891,0.067315821,0.069342001,0.070746423,0.071784444,0.072753182,0.073513203,0.074092825,0.074274162,0.07364358,0.073099214,0.071650849,0.066792637,0.062599792,0.058214544,0.053759041,0.049308121,0.044884128,0.040531315,0.036332334,0.032254474,0.028298045,0.024512866,0.020951445,0.017636821,0.014580511,0.01168678,0.0089262084,0.0064791679,0.0044327038,0.0034765971,0.0028971618,0.0024963901,0.002052299,0.0016416711,0.00099780161,9.3522619e-07
"37",5.3642784e-05,0.007639131,0.014255916,0.020171595,0.025610748,0.030611678,0.035258629,0.039566175,0.043563892,0.047284892,0.050746521,0.05395871,0.056949396,0.059737433,0.062328749,0.063924908,0.065727373,0.067313121,0.068775143,0.070003784,0.070845639,0.070809855,0.070397031,0.070213684,0.069689997,0.068905926,0.064897802,0.061120077,0.057266282,0.053390222,0.049514322,0.045669341,0.041849312,0.038144036,0.034504922,0.030966742,0.027520901,0.024260011,0.021166536,0.018201853,0.015393593,0.012652036,0.010586445,0.0086901767,0.0072715761,0.005946545,0.0046945313,0.0034171399,0.0022328966,0.0011409784,9.1140939e-07
"38",5.2955458e-05,0.007588378,0.014258353,0.020311172,0.025895697,0.031095085,0.035963344,0.040539197,0.044852451,0.048927331,0.052784415,0.056345448,0.059587374,0.062738092,0.065709825,0.068517302,0.071172738,0.07368911,0.076079064,0.078204083,0.080238425,0.082040844,0.083636502,0.084922895,0.086051742,0.086890257,0.082485272,0.078221552,0.073788619,0.069313252,0.064816631,0.060345573,0.055950993,0.051643494,0.047431172,0.043323037,0.03932491,0.035444333,0.03168918,0.02806944,0.024599023,0.021221248,0.018118543,0.015133617,0.012217452,0.0096186926,0.0072774419,0.0050909832,0.0031638827,0.0015039509,9.8816905e-07
"39",6.3603728e-05,0.00897251,0.016614641,0.023351294,0.029492972,0.034727684,0.039292567,0.043360499,0.046979063,0.050247492,0.052954434,0.055630213,0.05809102,0.059774746,0.061485662,0.062895316,0.06445696,0.065331362,0.066198655,0.06712951,0.068072586,0.069083155,0.070028599,0.070920646,0.071752868,0.072562446,0.068206543,0.063983314,0.0598688,0.055830347,0.051898319,0.048111625,0.044437216,0.040812093,0.037303594,0.034063697,0.03091977,0.027871994,0.02501895,0.022264614,0.019612083,0.017040248,0.014770914,0.012694585,0.01080277,0.0091533197,0.0075848835,0.0060274397,0.0041940324,0.0021637261,1.5810256e-06
"40",8.1363308e-05,0.011713707,0.022053594,0.031460646,0.04016037,0.048279684,0.055901675,0.063086562,0.069881365,0.076325003,0.08245125,0.087965624,0.093105202,0.097960526,0.10246861,0.10665519,0.11053358,0.11398764,0.11692312,0.11947476,0.12084171,0.12288659,0.12476125,0.12650429,0.12814815,0.12971539,0.12267118,0.11569755,0.10877743,0.10192884,0.095170461,0.088521193,0.081999506,0.075604007,0.069393136,0.063360652,0.057315022,0.0516975,0.046289125,0.041112943,0.036124002,0.03149378,0.027198962,0.023210915,0.019371882,0.015693386,0.012181941,0.008889632,0.005834178,0.002910536,1.9321709e-06
"41",5.9825414e-05,0.0085135666,0.015874105,0.022520404,0.028605718,0.034233847,0.039466759,0.044346969,0.048899005,0.053133666,0.057094682,0.060804107,0.064068346,0.067019764,0.069530593,0.071780759,0.073814271,0.075576001,0.077047107,0.078299697,0.079345028,0.079698518,0.07990118,0.07992917,0.078871402,0.078220671,0.074406001,0.070646843,0.066638265,0.062461268,0.058169917,0.054027035,0.049914942,0.045861668,0.041918551,0.038077548,0.034349459,0.030750777,0.027297046,0.023987868,0.02082564,0.017529906,0.014838315,0.012506898,0.01036322,0.0084312062,0.006695462,0.0048788456,0.0031889576,0.0015789687,1.2360752e-06
"42",4.5033718e-05,0.0061548114,0.011117629,0.015184237,0.01872405,0.021607033,0.023676849,0.025092668,0.026313217,0.027421973,0.028301201,0.028960466,0.029552166,0.029886465,0.029916564,0.02973128,0.029261066,0.028417677,0.027025118,0.0255247,0.023775075,0.021832628,0.019932105,0.01794158,0.015913831,0.013903266,0.011958072,0.010079152,0.0083944223,0.0067776501,0.0053130553,0.0038405231,0.0027509539,0.0018474095,0.001082444,0.00071283431,0.00057312683,0.00054060626,0.00052804472,0.00050550073,0.0004860764,0.0004570749,0.00044801479,0.0004885633,0.00058956325,0.00072487081,0.00081507698,0.00079294091,0.00087960649,0.00081949271,8.2353241e-07
"43",8.5660607e-05,0.01229649,0.023101761,0.032806926,0.041735868,0.049931256,0.057543872,0.064379278,0.070937141,0.077147863,0.082697073,0.088282368,0.093415204,0.09809932,0.1024401,0.10646112,0.11025629,0.11375479,0.11707226,0.12016094,0.12314636,0.12595602,0.12862823,0.13118981,0.13364528,0.13606438,0.12885028,0.12179061,0.11477823,0.10785038,0.10102926,0.094343657,0.087794282,0.081390128,0.075161566,0.069101582,0.063140145,0.057376571,0.051804139,0.046460667,0.041361791,0.036493127,0.031774002,0.02703106,0.02245117,0.018084914,0.013942827,0.010043549,0.00640009,0.0030642115,1.9025443e-06
"44",5.3764041e-05,0.0075774195,0.014050892,0.019794381,0.024872354,0.029281327,0.03300953,0.036414354,0.039500602,0.042360634,0.044911569,0.046941643,0.048465968,0.049655841,0.050223959,0.050363245,0.050319726,0.050127561,0.049754487,0.048683496,0.047412706,0.046204316,0.04486092,0.043385704,0.041735775,0.039851375,0.037100568,0.034569965,0.032087118,0.02964703,0.027252908,0.02493746,0.0227594,0.020694701,0.018722092,0.016838067,0.015071431,0.013391848,0.011799557,0.010242665,0.0089913451,0.0080004868,0.0071969887,0.0064069412,0.0059888686,0.0054899043,0.0046676407,0.0036266566,0.0025679597,0.0014293124,1.23605e-06
"45",4.1179141e-05,0.0054802018,0.0095365644,0.012750473,0.015771435,0.018438353,0.020388158,0.021154547,0.022143632,0.023069063,0.023722894,0.024570865,0.025378107,0.026304547,0.027115922,0.027864436,0.028575378,0.029203905,0.029739741,0.030199486,0.030585547,0.030902166,0.031170458,0.031374396,0.03151896,0.031635137,0.029913055,0.028260137,0.026598768,0.024955705,0.023351829,0.021789755,0.020300003,0.018890443,0.017553843,0.016274636,0.015046968,0.013996669,0.013122402,0.012433795,0.011809177,0.011164273,0.010637528,0.010192439,0.0094544593,0.0083696583,0.0071654686,0.0057488557,0.0040614133,0.0022131191,1.6915144e-06
"46",5.4177229e-05,0.007363069,0.01323297,0.018388712,0.022887492,0.026864719,0.030343491,0.033563163,0.036496345,0.038624551,0.040633656,0.042305352,0.043817624,0.04511194,0.046181222,0.046938809,0.047819306,0.048753758,0.049730852,0.050619331,0.051520335,0.052348901,0.053109544,0.053836282,0.054433903,0.054982703,0.051889105,0.04889095,0.045925201,0.04300985,0.04014514,0.037329732,0.034571113,0.031896418,0.029364178,0.026953361,0.024691991,0.02257178,0.02064724,0.018878759,0.017287244,0.015882186,0.014609124,0.013265541,0.011471518,0.0095300177,0.0075419814,0.0056022185,0.0037392658,0.0019039654,1.3467512e-06
"47",3.4416812e-05,0.0044490685,0.0076319979,0.0099198134,0.011818282,0.012849401,0.011873059,0.011475409,0.010556777,0.008274303,0.0063657661,0.0042361294,0.0016297617,0.00079989949,0.00050550355,0.00032986645,0.0002509072,0.00021404771,0.00019437635,0.00018489987,0.00018313133,0.00018913629,0.00020498413,0.00022934593,0.00025508309,0.00028130661,0.00030757884,0.00033373224,0.00035979092,0.00038592087,0.00041240004,0.00043997614,0.00047717398,0.00053218625,0.00056425084,0.00056645371,0.00060403434,0.00064965852,0.0006871687,0.00079929717,0.00097447922,0.0011988713,0.0014718926,0.0018950242,0.0024009795,0.0025436737,0.0024993757,0.0022643625,0.0019322133,0.0011370228,9.5704614e-07
"48",3.8460183e-05,0.0050381531,0.0088323484,0.011672206,0.014262741,0.0156208,0.016470485,0.016924911,0.01653899,0.015484423,0.014520999,0.013724295,0.012743946,0.01203067,0.01122592,0.0098958625,0.0084653013,0.007463231,0.0065192991,0.0056440341,0.0047711573,0.0039435483,0.0031574782,0.0024095914,0.0016387364,0.0012901817,0.0009929872,0.00080280863,0.00069916987,0.00062448888,0.00057150313,0.00051913116,0.00046852192,0.000428902,0.00039289549,0.00038936048,0.00040663783,0.00041915143,0.00041153228,0.00040299478,0.00041315358,0.00038207338,0.00031446817,0.00035713119,0.00049495761,0.00068722029,0.00098434705,0.0011378605,0.0011290282,0.00067465088,8.3688901e-07
"49",2.7025309e-05,0.0031429588,0.0047986184,0.0058112065,0.0068398947,0.0078010613,0.008499677,0.0089605334,0.0090953835,0.0081429034,0.0075126927,0.0062496495,0.0045353764,0.0035065317,0.0027216808,0.0018720491,0.0012472692,0.00045210951,0.00038048685,0.0002962702,0.00020055106,0.00014180384,0.00010849053,9.4230881e-05,9.2287644e-05,9.9768234e-05,0.00010696369,0.00011287531,0.00011733068,0.00012049447,0.0001226453,0.00012407819,0.00012507389,0.00012590532,0.00012685888,0.0001282509,0.00013043223,0.00013381459,0.00014232275,0.00015770438,0.00017856686,0.00020731085,0.00024554291,0.00029650697,0.00036694467,0.00046857624,0.00056141867,0.00058746412,0.00051882439,0.00060736899,7.5534006e-07
"50",4.2846386e-05,0.0056507858,0.0098865785,0.012848886,0.015291365,0.017166522,0.017503011,0.018037417,0.018243725,0.01804994,0.017554017,0.016385549,0.014431883,0.011772866,0.0096053391,0.0074916721,0.0054939477,0.0035637612,0.0021306805,0.00085406818,0.00073048508,0.00070588273,0.00047513898,0.00033167657,0.00023585394,0.00017226826,0.00013060464,0.00010421066,9.1885685e-05,8.6995996e-05,8.5986703e-05,8.9709751e-05,9.9824529e-05,0.00010970127,0.00011902463,0.00012802823,0.00013717887,0.00014705247,0.0001582974,0.00017262812,0.00019605015,0.00022842178,0.00027256065,0.00033391058,0.0004191837,0.00053757265,0.00060726619,0.00055466796,0.00057811306,0.00072268105,8.1306638e-07
"51",5.6157082e-05,0.0077421441,0.014054044,0.019330709,0.023981628,0.028048265,0.030889856,0.032982173,0.034676427,0.036554905,0.037550452,0.037515525,0.037580559,0.037039624,0.03526432,0.031609142,0.028153488,0.024754826,0.021499668,0.018240655,0.015000773,0.011929161,0.0091574909,0.005694293,0.0042217722,0.0026904985,0.0015039225,0.00095242411,0.00045047796,0.00030623621,0.00021724814,0.00018522194,0.00016192023,0.00014462047,0.00013195388,0.00012318335,0.00011779701,0.00011575703,0.00011719725,0.00012288441,0.00013449127,0.00015654772,0.00018723457,0.00023711017,0.00031335778,0.00042636332,0.00051513787,0.00057988054,0.00055013324,0.00065143307,8.1090646e-07
"52",4.915906e-05,0.0066827932,0.012045406,0.016867558,0.02119645,0.025093652,0.028632175,0.031859297,0.034794954,0.037465652,0.039890645,0.042089561,0.044060679,0.045802826,0.046813367,0.046760435,0.045015835,0.043741296,0.041926325,0.03974399,0.036679923,0.033508418,0.030161504,0.02662631,0.02294041,0.019181613,0.015393372,0.011047229,0.0061796346,0.0040928248,0.0013245587,0.00039350468,0.00014816611,6.7556939e-05,5.5232121e-05,5.228929e-05,5.5682319e-05,6.2831027e-05,7.0493124e-05,7.8837684e-05,8.832874e-05,9.9561534e-05,0.00011335258,0.00013399946,0.00016868206,0.00022610936,0.00031822172,0.00048069113,0.00059386895,0.0004736305,7.8748751e-07
"53",9.4960947e-05,0.013555111,0.02528122,0.035714231,0.04504425,0.053544855,0.061314868,0.068567971,0.075314759,0.081564352,0.087292893,0.092564066,0.097422073,0.10189547,0.10602452,0.10982064,0.11332306,0.11656487,0.11951079,0.12221391,0.12463168,0.12677784,0.12873398,0.13045985,0.12993668,0.12903215,0.12079448,0.11290691,0.10485898,0.096781606,0.088921974,0.081243546,0.073730503,0.066479515,0.059585151,0.053239529,0.04654173,0.041584051,0.037097399,0.032944374,0.029053916,0.025402846,0.021978558,0.018733891,0.015657206,0.01276859,0.010105554,0.00759022,0.0051629625,0.0026664076,1.9837898e-06
"54",5.5567053e-05,0.0076964497,0.014071623,0.019572342,0.02416504,0.028293851,0.031853891,0.035049428,0.037567332,0.038493591,0.037869676,0.035320798,0.032453206,0.030002106,0.027143627,0.023863024,0.020069009,0.016801613,0.013645572,0.010972457,0.0089070536,0.0068310721,0.0050907143,0.0039252158,0.0029244149,0.002048382,0.0013474401,0.00086656147,0.00055674781,0.00050474525,0.00051707848,0.00051959994,0.00051206126,0.00049261738,0.00046892649,0.00045318653,0.00044487498,0.00044472612,0.00045181087,0.0004568798,0.00047504168,0.0005049497,0.00054346587,0.00058594341,0.00057663178,0.00064546261,0.00085842398,0.0011010404,0.0010316373,0.00074081958,8.4997465e-07
"55",2.5948406e-05,0.0031566997,0.0049582564,0.0056523673,0.0063221556,0.006802527,0.0069053406,0.0071884604,0.0074269126,0.0069932985,0.0058296087,0.005332942,0.004733635,0.0040321035,0.0033227809,0.0026389603,0.0020297808,0.0015352405,0.00055367393,0.00040647534,0.00046830974,0.00034618567,0.00021357869,0.00013168522,9.7581755e-05,8.814298e-05,8.3878709e-05,8.862826e-05,9.5296475e-05,0.00010237212,0.0001097733,0.00011761314,0.00012601466,0.00013509517,0.0001450259,0.00015989163,0.00018139393,0.00020933697,0.00024471571,0.00028945873,0.00034491879,0.00041348041,0.00048679878,0.00055290412,0.0005983718,0.0006174427,0.00062585659,0.0007563686,0.0010867732,0.00084889223,8.6276301e-07
"56",3.1631484e-05,0.0039105438,0.006640106,0.0070618935,0.0037168928,0.0022698016,0.001309999,0.00066831133,0.00021802277,6.7199046e-05,5.3198153e-05,5.4280653e-05,6.3277324e-05,7.4386135e-05,8.4196362e-05,9.1965748e-05,9.7492073e-05,0.00010090345,0.00010251918,0.00010275398,0.00010205133,0.00010083793,9.9494905e-05,9.8342563e-05,9.7635531e-05,9.7565389e-05,9.8268281e-05,9.9835617e-05,0.00010232646,0.00010578036,0.00011022969,0.00011571075,0.00012227342,0.00012999006,0.00013896436,0.00014934208,0.00016132523,0.0001751938,0.00019164934,0.00021524497,0.00025020024,0.000298628,0.00036945003,0.00046714565,0.00056251141,0.00060582889,0.00060345184,0.00055424914,0.00087866932,0.00089527742,8.4276839e-07
"57",4.1232593e-05,0.0053721526,0.0093563424,0.012562655,0.015243284,0.017348256,0.017177837,0.015962818,0.013259359,0.010601166,0.008280629,0.0057310387,0.0027955886,0.00086065811,0.00055800796,0.00018568139,7.2163901e-05,5.4599729e-05,5.2325054e-05,5.9353817e-05,6.844552e-05,7.6750768e-05,8.3689662e-05,8.9231386e-05,9.3628294e-05,9.7247282e-05,0.0001004632,0.00010360309,0.00010692883,0.00011064286,0.00011490405,0.00011984536,0.00012559,0.00013226528,0.00014001541,0.00014901506,0.00015948739,0.00017173319,0.00018618047,0.00020346201,0.00022451866,0.00025112202,0.00029142652,0.00035367387,0.00044488288,0.0005653239,0.00061458749,0.00049727865,0.00054093816,0.00070424193,7.7267783e-07
"58",3.7429784e-05,0.004572812,0.0075058905,0.0094436732,0.010998624,0.011862987,0.01122683,0.0089005409,0.0061151404,0.0043205332,0.0025449801,0.0015105006,0.00057626612,0.00030161781,0.0001155635,4.4471409e-05,4.158818e-05,4.3054606e-05,4.4534304e-05,4.6791682e-05,5.0230581e-05,5.4821716e-05,6.0322767e-05,6.6420517e-05,7.2809671e-05,7.9245124e-05,8.5572138e-05,9.173252e-05,9.7751692e-05,0.00010371665,0.00010975419,0.0001160148,0.00012266417,0.00012988199,0.00013786732,0.00014685041,0.00015711114,0.00016900567,0.00018300425,0.00019974716,0.00022013404,0.00024548041,0.00027850734,0.00032899019,0.00041107473,0.00052797805,0.00061381526,0.00049385188,0.0005556474,0.0007712553,7.6613636e-07
"59",7.01273e-05,0.0095897304,0.017197912,0.023111278,0.028671018,0.033639814,0.038066944,0.041983648,0.044416883,0.046122262,0.047142476,0.045389588,0.043648536,0.041839253,0.039069734,0.033904027,0.027601899,0.023658268,0.019559384,0.015579221,0.011843232,0.0085731399,0.0050441189,0.0030200274,0.0018661632,0.00093599145,0.00083435203,0.00088038213,0.00069283114,0.00050996715,0.00038985548,0.00030447768,0.00024567602,0.00020761185,0.00018186811,0.0001630789,0.00014919312,0.00013991735,0.00013514638,0.00013501255,0.00014039543,0.00015239535,0.00017404304,0.00021080287,0.00027096762,0.00036831757,0.0004571519,0.00038842011,0.00057353909,0.0006843337,7.9341212e-07
"60",5.4509485e-05,0.0074557098,0.013515501,0.018263334,0.021848511,0.024515645,0.026171692,0.027405619,0.027627243,0.026867651,0.026351626,0.025425904,0.024788344,0.023953262,0.022816382,0.021572662,0.020094477,0.017781082,0.015516192,0.013500693,0.011456825,0.0094025639,0.0075461235,0.0057927988,0.0041881605,0.0028100388,0.0013610577,0.0006090305,0.00055368644,0.00038088637,0.00021961551,0.00012961219,7.9069374e-05,5.264711e-05,4.199189e-05,4.0784812e-05,4.3998873e-05,4.7039175e-05,5.0186308e-05,5.3970087e-05,5.8885396e-05,6.5401143e-05,7.4035051e-05,8.5461984e-05,0.00010067468,0.00012468865,0.00017482492,0.00027832425,0.00050895189,0.00045598524,7.9912182e-07
"61",8.1514787e-05,0.011543973,0.021426558,0.03016715,0.038021938,0.045140507,0.051626904,0.057563202,0.063020648,0.068065612,0.070375553,0.072654108,0.073702114,0.074099229,0.073819257,0.073243053,0.071716576,0.068597499,0.064305427,0.05818088,0.053166329,0.048026105,0.042722889,0.03729531,0.031792391,0.026413796,0.021489205,0.016019087,0.012129034,0.0073385591,0.0048635648,0.0029766155,0.0011383079,0.00068492988,0.00049449624,0.00025958121,0.0001145664,5.1226902e-05,3.4959803e-05,3.3935725e-05,4.0446095e-05,5.0092512e-05,6.1180453e-05,7.4147068e-05,9.0303051e-05,0.0001127578,0.00015236356,0.00023511964,0.00043192642,0.0004751948,7.7779543e-07
"62",5.6184742e-05,0.007760858,0.014146549,0.019592686,0.024366825,0.028601119,0.03241039,0.034142512,0.034974023,0.03513796,0.034686158,0.033064382,0.031687332,0.029261185,0.026726007,0.023873829,0.02144928,0.018394131,0.015629675,0.013013818,0.011026311,0.0089926794,0.0070045051,0.0054106346,0.0040476814,0.0027653915,0.0022157663,0.0016791893,0.0011994221,0.00077681041,0.00028728413,0.00020614201,0.00016850725,8.9772991e-05,4.8635851e-05,3.5483533e-05,3.4152378e-05,3.4344842e-05,3.5212276e-05,3.6979791e-05,3.9998916e-05,4.4529424e-05,5.0828039e-05,5.9299279e-05,7.0710306e-05,8.6585654e-05,0.00011203985,0.00016654076,0.00029458229,0.00054233759,7.4039386e-07
"63",4.5819685e-05,0.0059618248,0.01036177,0.012482266,0.014056996,0.014636671,0.015056684,0.014372241,0.013408544,0.012868786,0.011741039,0.012278638,0.012716227,0.013017351,0.013305168,0.013559787,0.013586874,0.013385777,0.012677162,0.011548889,0.010676315,0.0096884663,0.008604091,0.0074381849,0.0062190197,0.004974877,0.0036422347,0.0024659718,0.0014276246,0.00034144258,0.00032294396,0.0001574477,8.9285674e-05,5.5266975e-05,3.8422235e-05,3.3376485e-05,3.478259e-05,3.6391766e-05,3.8234089e-05,4.0576582e-05,4.3675084e-05,4.7792213e-05,5.3260192e-05,6.0580352e-05,7.0598948e-05,8.4881652e-05,0.0001086077,0.00016038607,0.00028690125,0.00055014355,7.629281e-07
"64",5.4213471e-05,0.0073922353,0.013255225,0.018196357,0.022449538,0.026066725,0.029025299,0.029898904,0.030841565,0.030980973,0.02951117,0.027585844,0.024840385,0.02178865,0.01737538,0.01413174,0.011036324,0.0078919339,0.005465326,0.0032608527,0.0012323756,0.00073021639,0.0004223699,0.00022017923,0.00016081062,0.00012634753,9.9845619e-05,7.8697416e-05,6.3054494e-05,5.4854102e-05,5.0348574e-05,4.8814423e-05,4.6228487e-05,4.3393151e-05,4.103369e-05,3.9537953e-05,3.9026692e-05,3.9482987e-05,4.085295e-05,4.3111449e-05,4.6304167e-05,5.057976e-05,5.6229606e-05,6.3761147e-05,7.4053377e-05,8.8713011e-05,0.00011128278,0.00016232212,0.00030562218,0.00054730919,7.8539047e-07
"65",5.32265e-05,0.0071185254,0.012645437,0.01627489,0.019165438,0.021927421,0.024039133,0.025057542,0.025948633,0.026192403,0.026075393,0.025804862,0.025384353,0.023741817,0.021901618,0.019312471,0.016604567,0.014223691,0.011855421,0.0096127345,0.0072558991,0.0053347441,0.0039657748,0.0027102951,0.0017177369,0.00065701859,0.00040217414,0.00026791298,0.00013836655,7.0336153e-05,4.5479447e-05,3.4563296e-05,3.2916721e-05,3.6393636e-05,3.9004225e-05,4.0647851e-05,4.1824299e-05,4.3038662e-05,4.4661693e-05,4.6951027e-05,5.0120563e-05,5.4412732e-05,6.0173296e-05,6.7954194e-05,7.8701813e-05,9.4173138e-05,0.00011800102,0.00016404015,0.00029603297,0.00054074764,7.6640309e-07
"66",2.9254126e-05,0.0030818547,0.0043669435,0.0023847161,0.0014282167,0.00090923599,0.00059500037,0.00035814433,0.00021954544,0.00015622088,0.00011781552,9.2836941e-05,7.7536611e-05,6.7961814e-05,6.6341935e-05,7.0196158e-05,7.787782e-05,8.5341778e-05,8.9429487e-05,9.0079896e-05,8.7875041e-05,8.3633266e-05,7.813947e-05,7.1996649e-05,6.559259e-05,5.9158267e-05,5.2874847e-05,4.6964413e-05,4.1709795e-05,3.7407834e-05,3.4308892e-05,3.2575913e-05,3.2242192e-05,3.3149807e-05,3.4962525e-05,3.7308776e-05,3.9916758e-05,4.2683442e-05,4.566774e-05,4.9044143e-05,5.3065247e-05,5.8059196e-05,6.4470849e-05,7.2961828e-05,8.4619299e-05,0.00010142004,0.00012741829,0.00017248946,0.00028990898,0.00051873634,7.5109044e-07
"67",3.4389498e-05,0.0043728701,0.0075373366,0.0094789937,0.0092072882,0.005443995,0.0024708308,0.0012050786,0.00071844929,0.00031122206,0.00017481189,0.00011722683,8.8008019e-05,7.0821746e-05,5.8745545e-05,4.9790809e-05,4.4053848e-05,4.207493e-05,4.5366669e-05,5.1299308e-05,5.5814762e-05,5.8251854e-05,5.8581415e-05,5.7161952e-05,5.4533859e-05,5.1247512e-05,4.7764846e-05,4.4430752e-05,4.1484453e-05,3.9082866e-05,3.7320939e-05,3.6245002e-05,3.5861316e-05,3.6144195e-05,3.7047335e-05,3.8519201e-05,4.0520587e-05,4.3041789e-05,4.6117831e-05,4.9842493e-05,5.4384767e-05,6.0014986e-05,6.7153571e-05,7.6467507e-05,8.9071417e-05,0.00010698221,0.00013428395,0.00018073549,0.00029097155,0.00053135723,7.5437565e-07
"68",2.7112809e-05,0.0030095524,0.0045122946,0.0051139174,0.0049047821,0.002915989,0.0019073576,0.0010050045,0.00039719703,0.00015340473,5.7409043e-05,3.5450236e-05,3.1779556e-05,3.3842223e-05,3.5354664e-05,3.6531872e-05,3.7772042e-05,3.9310371e-05,4.1179828e-05,4.3244131e-05,4.5251681e-05,4.6905159e-05,4.7944065e-05,4.8219965e-05,4.7734296e-05,4.6623625e-05,4.5106398e-05,4.3421638e-05,4.1783772e-05,4.0360991e-05,3.9272177e-05,3.8593907e-05,3.8370983e-05,3.8627249e-05,3.9375751e-05,4.0628357e-05,4.2405224e-05,4.4744598e-05,4.7713778e-05,5.1422864e-05,5.6044424e-05,6.1845041e-05,6.9240532e-05,7.889979e-05,9.1955752e-05,0.00011047806,0.00013867954,0.00018664492,0.00030734146,0.00051634371,7.6836688e-07
"69",2.8357515e-05,0.003383503,0.0052174375,0.0061065298,0.006801969,0.0071715172,0.0053093559,0.003953634,0.0025102673,0.00077272067,0.00042611582,0.00021357677,7.3178866e-05,3.4125656e-05,2.5087715e-05,2.6827164e-05,3.0992068e-05,3.4745508e-05,3.7776228e-05,4.0116476e-05,4.18675e-05,4.3111992e-05,4.3897597e-05,4.4253899e-05,4.4217295e-05,4.384793e-05,4.3233159e-05,4.2479888e-05,4.1701752e-05,4.1006862e-05,4.0489544e-05,4.0226976e-05,4.0280013e-05,4.0696893e-05,4.1518685e-05,4.2785763e-05,4.4545078e-05,4.6858534e-05,4.9813328e-05,5.3535957e-05,5.8213036e-05,6.4124872e-05,7.1703807e-05,8.1643325e-05,9.5119271e-05,0.00011428476,0.00014353667,0.00019345887,0.00031659305,0.00051064192,7.5717812e-07
"70",4.6757076e-05,0.006260656,0.01097374,0.014580173,0.017067974,0.018782467,0.018494047,0.016506203,0.012252099,0.0071140465,0.004962948,0.0033149831,0.0022305822,0.0015786491,0.0012316334,0.0010303428,0.00093263039,0.00086984047,0.00079107193,0.0007126058,0.00066785841,0.00062445217,0.0005613301,0.00048354358,0.00041297648,0.00035383456,0.00030149325,0.00025477744,0.00021324041,0.00017668976,0.00014480268,0.00011740319,9.4240815e-05,7.5424317e-05,6.1427695e-05,5.4705461e-05,5.0260913e-05,4.8895241e-05,5.166835e-05,5.5918917e-05,6.0792585e-05,6.6887494e-05,7.4701897e-05,8.4963365e-05,9.8893465e-05,0.00011872397,0.0001490065,0.00020068122,0.00033279873,0.00050144995,7.5191556e-07
"71",3.5792972e-05,0.0045850109,0.0078474602,0.0099260225,0.01127803,0.011388707,0.0085817659,0.0054541703,0.0033017622,0.001967512,0.0011544947,0.0006097174,0.00041984163,0.00030323913,0.00022496988,0.00018481781,0.00017124714,0.00015996549,0.00014813928,0.00013651855,0.00012560218,0.00011551996,0.0001062968,9.7911659e-05,9.0291472e-05,8.3343902e-05,7.6978262e-05,7.1120246e-05,6.5685141e-05,6.0573209e-05,5.5717618e-05,5.1085468e-05,4.6664733e-05,4.2458391e-05,3.8497778e-05,3.4882626e-05,3.1878154e-05,3.023562e-05,3.3237702e-05,4.056199e-05,4.8949181e-05,5.8069336e-05,6.8319561e-05,8.0495954e-05,9.5918658e-05,0.00011690687,0.0001480564,0.00020130478,0.00034858189,0.00049358492,7.702073e-07
"72",3.9692971e-05,0.0052123496,0.0089842484,0.011412847,0.013654328,0.014802374,0.01531044,0.016062134,0.016473471,0.014476992,0.01237171,0.010019308,0.0069607666,0.0045742058,0.0032284386,0.0016029074,0.00082418222,0.00057714329,0.00034429619,0.00017577242,9.7642129e-05,6.3387269e-05,5.5314566e-05,5.1443852e-05,4.8866138e-05,4.6688821e-05,4.4656673e-05,4.2620685e-05,4.0599131e-05,3.8522673e-05,3.6572898e-05,3.4894246e-05,3.3618185e-05,3.2815667e-05,3.2410427e-05,3.2459007e-05,3.3150112e-05,3.4657162e-05,3.71246e-05,4.0670743e-05,4.5414931e-05,5.152597e-05,5.9291786e-05,6.9225816e-05,8.2253437e-05,0.00010010342,0.00012748112,0.0001889437,0.00034839253,0.00052095391,7.8083269e-07
"73",2.406659e-05,0.0026229049,0.0033816729,0.003403286,0.0037504542,0.0039362572,0.0039559692,0.003800525,0.0027833062,0.002059767,0.0014749793,0.0010116095,0.00034668695,0.00033518265,0.00035186676,0.00029185935,0.0002123684,0.00015899376,0.00011867738,8.8080246e-05,6.5619348e-05,4.9895723e-05,3.9482677e-05,3.3660675e-05,3.2132165e-05,3.3852726e-05,3.5108707e-05,3.5752205e-05,3.5863932e-05,3.5602396e-05,3.5141073e-05,3.4639988e-05,3.4237891e-05,3.4053814e-05,3.4191564e-05,3.4744488e-05,3.5799771e-05,3.7442977e-05,3.9764715e-05,4.2871931e-05,4.6906391e-05,5.2074016e-05,5.8693866e-05,6.7292348e-05,7.8811888e-05,9.5304461e-05,0.00012714597,0.00019218974,0.00034550084,0.0005302176,7.6976819e-07
"74",2.0805007e-05,0.0022701223,0.0029620079,0.0022653893,0.00087929994,0.0006212313,0.00035918806,0.00015887335,7.4832039e-05,4.8617092e-05,4.854871e-05,5.5385306e-05,6.0028264e-05,6.2069285e-05,6.1777948e-05,5.9657894e-05,5.6313257e-05,5.2334222e-05,4.8212795e-05,4.4313478e-05,4.0884292e-05,3.8081161e-05,3.5986443e-05,3.4613681e-05,3.3901769e-05,3.3713747e-05,3.385922e-05,3.4141893e-05,3.4411098e-05,3.4592852e-05,3.469036e-05,3.4762341e-05,3.4895715e-05,3.5184658e-05,3.571954e-05,3.6583968e-05,3.7857091e-05,3.961925e-05,4.1960352e-05,4.4991644e-05,4.88635e-05,5.3796017e-05,6.0135919e-05,6.846294e-05,8.0010148e-05,0.00010026491,0.00013707609,0.00020874156,0.00036578532,0.00051626531,7.4716308e-07
"75",5.7598463e-05,0.0076527848,0.013493714,0.017904911,0.021653394,0.024720036,0.026754044,0.026626659,0.024563507,0.022696967,0.020338329,0.016739112,0.014071078,0.011420727,0.0086879781,0.0060764224,0.0042327102,0.0025922042,0.0013038795,0.0007895695,0.00069923634,0.00053734732,0.00042110103,0.00034868604,0.00029501805,0.00025219042,0.0002169502,0.00018803263,0.00016314109,0.00014109463,0.00012181332,0.00010512163,9.070094e-05,7.8278343e-05,6.7748342e-05,5.903476e-05,5.2158594e-05,4.7032082e-05,4.3749192e-05,4.2522654e-05,4.392952e-05,4.9663341e-05,5.7705932e-05,6.7350859e-05,8.285529e-05,0.00010816995,0.00015070037,0.00022858633,0.00040759589,0.00050947406,7.8435283e-07
"76",4.9294934e-05,0.0066041235,0.011594933,0.015597454,0.018966135,0.021814441,0.021448125,0.021402454,0.021309749,0.020106979,0.018841328,0.017262877,0.013607125,0.010965215,0.0083617845,0.0062110477,0.0042696393,0.0024629307,0.0013282573,0.00058205162,0.00049945719,0.00045402493,0.00028261671,0.00017729753,0.00010805786,6.3282787e-05,3.7642397e-05,2.7132045e-05,2.8305493e-05,3.0373754e-05,3.140847e-05,3.1674562e-05,3.1571172e-05,3.1400533e-05,3.1358012e-05,3.1577937e-05,3.2172446e-05,3.3250623e-05,3.4944402e-05,3.7432484e-05,4.0929251e-05,4.5673237e-05,5.193298e-05,6.1146197e-05,7.7064939e-05,0.00010409671,0.00015301474,0.00024671803,0.00044838913,0.00052354242,8.2510712e-07
"77",3.167483e-05,0.0038773892,0.0064123435,0.0078542531,0.0090548127,0.0096960348,0.009614604,0.008814649,0.0074061011,0.0054837276,0.0038836248,0.0019128095,0.0011727219,0.00045525972,0.00027596512,0.00012867172,7.7450797e-05,6.7604482e-05,6.2252182e-05,5.5548739e-05,4.9287942e-05,4.4511728e-05,4.0715896e-05,3.7292744e-05,3.4057563e-05,3.1195241e-05,2.9058795e-05,2.7899818e-05,2.7682852e-05,2.8157783e-05,2.8981531e-05,2.9858413e-05,3.0632783e-05,3.1299661e-05,3.1953903e-05,3.2729049e-05,3.3758595e-05,3.5159501e-05,3.7016643e-05,3.9507339e-05,4.3259655e-05,4.8635992e-05,5.7297664e-05,7.0288276e-05,8.8830365e-05,0.00011746496,0.00016355132,0.00024787936,0.00042702652,0.0005402795,8.004059e-07
"78",6.2249971e-05,0.0086484315,0.015786927,0.021842674,0.027152264,0.031779846,0.035825327,0.038657085,0.040958961,0.042432821,0.043157007,0.041706976,0.038561393,0.032430292,0.026976435,0.021490325,0.016589847,0.011170587,0.00656162,0.0039737409,0.0018097839,0.00098270153,0.00051531819,0.00025968412,0.00012019025,6.9809672e-05,4.669655e-05,3.4996948e-05,2.89355e-05,2.7225308e-05,2.776736e-05,2.9039904e-05,3.0280537e-05,3.1269699e-05,3.2254106e-05,3.3344532e-05,3.4592596e-05,3.622989e-05,3.8848565e-05,4.2599492e-05,4.7669649e-05,5.4411111e-05,6.3682969e-05,7.6611961e-05,9.4955234e-05,0.00012300116,0.00016853565,0.00024791259,0.00041644698,0.00053599839,7.5335462e-07
"79",3.6539721e-05,0.0048277018,0.00849681,0.011094196,0.012686348,0.013434019,0.013564055,0.012821839,0.011708508,0.010925465,0.010168684,0.0092481833,0.0084257964,0.0071873874,0.0062606047,0.0053926674,0.0044668288,0.0036354225,0.0027692274,0.0015585817,0.00068834802,0.00034321371,0.000191164,8.66665e-05,4.9531707e-05,3.8742294e-05,3.3599438e-05,3.0437847e-05,2.8233034e-05,2.6687447e-05,2.5821282e-05,2.5699615e-05,2.6781975e-05,2.9064867e-05,3.1065561e-05,3.2827259e-05,3.4908919e-05,3.7722136e-05,4.1411436e-05,4.6113941e-05,5.2083183e-05,5.9757302e-05,6.9809414e-05,8.3723069e-05,0.00010376318,0.00013348483,0.00018211817,0.00026809637,0.00045242249,0.00052195256,7.8605907e-07
"80",5.8539895e-05,0.0080261343,0.014420447,0.019721976,0.024298921,0.028054959,0.030984169,0.032916339,0.033996978,0.034720414,0.034221845,0.032447786,0.029250867,0.024903177,0.020849862,0.01686407,0.013163634,0.010084839,0.0067012274,0.0043108724,0.0029204522,0.0012639252,0.00080672132,0.00056671316,0.00046055571,0.00039977547,0.0003580039,0.00032714424,0.00030074432,0.00027781179,0.0002575523,0.00023922524,0.00022224594,0.00020626486,0.00019117225,0.00017703343,0.0001636589,0.00015109664,0.0001394779,0.00012901466,0.00012016825,0.00011382887,0.00011106459,0.00011394874,0.00012679653,0.00015410745,0.0002055665,0.00030623476,0.0005325153,0.00051273117,8.3888683e-07
"81",4.8477527e-05,0.0065148854,0.011427133,0.015083405,0.018121155,0.019897603,0.020800214,0.020492814,0.018409399,0.016063958,0.013582479,0.01066724,0.0075888477,0.0060427564,0.0047499358,0.0037420749,0.0031410637,0.002844352,0.0028024551,0.0028823999,0.0029722034,0.0030995781,0.0032672537,0.00339855,0.0035017651,0.0036126616,0.0037850441,0.0039599772,0.0041458516,0.004373613,0.0046211733,0.0049462254,0.0053508024,0.0058189143,0.0063042248,0.0068733893,0.0074683807,0.0081532956,0.0089650901,0.0099238885,0.011064886,0.012238825,0.013331756,0.014163301,0.014600555,0.014638075,0.013850989,0.011660899,0.0086521585,0.0050376434,4.1970353e-06
"82",4.7024018e-05,0.0064408042,0.011600281,0.015782725,0.019497311,0.022552649,0.024956211,0.026206732,0.026106173,0.025835194,0.025214837,0.024438919,0.024002521,0.023543993,0.023158181,0.023381141,0.023425454,0.023373707,0.023164819,0.022778677,0.022627101,0.022544679,0.022496325,0.022468974,0.022464648,0.022493097,0.022035192,0.02164483,0.02129578,0.021005502,0.020787279,0.020651465,0.020603958,0.020642093,0.020795594,0.020976884,0.020858096,0.020478723,0.019892173,0.019248583,0.018690734,0.018261066,0.017966834,0.017634763,0.017017121,0.015647855,0.013458114,0.010598379,0.0075019924,0.0040852865,3.1086057e-06
"83",4.2511855e-05,0.0057287701,0.01012751,0.013645556,0.016669519,0.01923888,0.021399926,0.022998554,0.023085998,0.02199773,0.020576858,0.019266417,0.017752173,0.015931276,0.014327381,0.012166342,0.010549439,0.009139397,0.0077862056,0.0065772265,0.0055937146,0.0048530512,0.004256072,0.0037402426,0.0032636725,0.0028650243,0.0026293166,0.0025057953,0.0024819147,0.002637307,0.003045004,0.0036289074,0.0043494063,0.0051519483,0.0061159542,0.0071782275,0.008305803,0.0093855225,0.010261196,0.010895864,0.011204427,0.010799631,0.010152366,0.0093448194,0.0084089442,0.0073886681,0.0062661504,0.005025183,0.0036735125,0.0020722338,1.6371139e-06
"84",5.3647486e-05,0.0073727475,0.013409412,0.01828361,0.02257965,0.02604497,0.028676375,0.03030564,0.031158085,0.031481792,0.031431115,0.030237662,0.028765203,0.02709995,0.025048192,0.022637082,0.019799704,0.01720081,0.01481892,0.012611765,0.010753821,0.0089040456,0.0070768685,0.0055249734,0.0041603774,0.0029908405,0.0020327925,0.0012857089,0.00076586321,0.00047556155,0.0003968683,0.00033892181,0.00025394172,0.00019342025,0.00016375964,0.00014768444,0.00015743655,0.00019690075,0.00027023858,0.00034289121,0.00040829492,0.0004450786,0.00052789755,0.00066116171,0.00086366668,0.0011459003,0.001568514,0.0017651499,0.0014844986,0.0010664243,1.0112508e-06
"85",9.2780706e-05,0.013354385,0.025104445,0.035746564,0.045535593,0.054614684,0.063077834,0.070994023,0.078418519,0.085398943,0.091567301,0.096499084,0.1009171,0.10526602,0.10920436,0.11271988,0.1155756,0.11698516,0.11843756,0.11937185,0.11899079,0.11938956,0.11948165,0.11942596,0.1197674,0.12068523,0.11256046,0.10466556,0.097093748,0.089709999,0.082349706,0.075519476,0.068743294,0.062008015,0.055424217,0.049075949,0.043443489,0.038612109,0.034105135,0.029565635,0.02568026,0.022214707,0.018951334,0.015873518,0.012960691,0.010304372,0.0079331989,0.0057307196,0.0036970312,0.0019664001,1.4571765e-06
"86",6.3946337e-05,0.0091473831,0.017155328,0.024313167,0.030851225,0.036906355,0.042525017,0.047738905,0.052384788,0.056711687,0.060683669,0.064306018,0.067840921,0.071175414,0.074329549,0.077311972,0.080195759,0.082924326,0.085587275,0.088141388,0.090643641,0.093091013,0.095544903,0.097919446,0.10024431,0.10242935,0.096962708,0.09166278,0.086401369,0.081227599,0.076137059,0.071169061,0.066301577,0.061614684,0.057101254,0.05276394,0.048597184,0.044584394,0.040726947,0.037026534,0.033486068,0.030098522,0.0264516,0.022648807,0.018912151,0.015317219,0.011870715,0.0085841567,0.005475225,0.0025732189,1.4913927e-06
"87",9.9896083e-05,0.014496329,0.027437037,0.039316018,0.050395901,0.0608233,0.070692711,0.080071132,0.089009408,0.097548174,0.1057213,0.11355802,0.12108432,0.12832395,0.13529905,0.14203071,0.14853935,0.15477018,0.16074036,0.1665289,0.17214016,0.17758825,0.18289359,0.18807604,0.19315642,0.19815614,0.1877166,0.17748053,0.16740991,0.15751032,0.14778674,0.13824397,0.12888709,0.1197211,0.11075105,0.10198213,0.093419754,0.085069457,0.07694053,0.069033271,0.061366206,0.053975016,0.046867292,0.040039431,0.033478921,0.027185976,0.021161639,0.015421609,0.0099663371,0.004799107,2.9540265e-06
"88",4.3409063e-05,0.0062409515,0.01183795,0.017005012,0.021841528,0.026399235,0.030708788,0.034793394,0.038672118,0.042359847,0.045871436,0.049220222,0.052418647,0.055478709,0.058412326,0.061231624,0.063949161,0.066578088,0.068843073,0.070929756,0.072587752,0.074041062,0.075539582,0.077155669,0.078844602,0.080149258,0.075756167,0.071672821,0.06756944,0.063602627,0.059770373,0.056058879,0.052468609,0.049002179,0.045660929,0.042444676,0.039356729,0.036397201,0.033565271,0.030841532,0.027918672,0.024806915,0.02173298,0.018742837,0.015834373,0.013002763,0.010252557,0.0075879188,0.0050037198,0.0024843096,1.6278023e-06
"89",7.3879185e-05,0.010627752,0.019993809,0.028501444,0.036356583,0.043675245,0.050518384,0.056945999,0.063004905,0.068729793,0.074152143,0.078885847,0.08328939,0.087371119,0.091150377,0.094618786,0.097659287,0.10051061,0.10300746,0.10517065,0.10698508,0.10842018,0.10942498,0.11020843,0.11086594,0.11141454,0.10503337,0.098746636,0.092270472,0.0860531,0.079917319,0.07389962,0.068028816,0.062337778,0.056840151,0.051550569,0.046451135,0.041574838,0.037059019,0.032898354,0.029053915,0.025451069,0.022069652,0.018781864,0.015868649,0.012885244,0.0098939811,0.0072025379,0.0046467914,0.0022350096,1.4187577e-06
"90",7.5845482e-05,0.010898842,0.020491625,0.029190349,0.037244092,0.044755589,0.051802239,0.058426434,0.064682896,0.070606449,0.07621914,0.081545649,0.086614175,0.091441301,0.096044929,0.10043631,0.1046298,0.10863208,0.11202664,0.11407882,0.11608855,0.11829754,0.12023486,0.1220016,0.12366072,0.12520302,0.11839557,0.11165414,0.10495828,0.098333551,0.09181013,0.085409842,0.07914763,0.073043034,0.067104807,0.061348003,0.055788203,0.050424921,0.045287561,0.040209769,0.035481312,0.030914458,0.026634563,0.02274036,0.019242634,0.015952752,0.012711369,0.0094692126,0.0063051805,0.003165621,2.0763162e-06
"91",7.5448957e-05,0.010905707,0.020592562,0.02940542,0.037615587,0.045339107,0.052654972,0.059600572,0.066226345,0.072558525,0.078632134,0.084483456,0.090130481,0.095597914,0.10090459,0.10596504,0.11085069,0.1155977,0.12022041,0.12473363,0.1291595,0.13351602,0.13782397,0.14210215,0.14636869,0.15063141,0.14421812,0.13791389,0.13157285,0.12527925,0.11903803,0.11273278,0.10633237,0.099949302,0.093591188,0.087261841,0.081023373,0.074890165,0.068858418,0.062921504,0.057071998,0.051301577,0.045600805,0.039958684,0.034362176,0.028794585,0.023235422,0.017641051,0.011975466,0.0061508334,4.1706745e-06
"92",3.8529869e-05,0.0053613453,0.0098437735,0.013599226,0.016843824,0.019306606,0.021647354,0.023627093,0.024995593,0.026164854,0.027066839,0.027724433,0.027689181,0.027717068,0.02779045,0.027829375,0.027777336,0.02732864,0.026789711,0.026188366,0.025524796,0.024839441,0.024191121,0.023693097,0.023008761,0.023111013,0.021759101,0.020576802,0.019569823,0.018844567,0.018206386,0.017611065,0.017134773,0.016707803,0.016310764,0.016014133,0.015789343,0.015596316,0.015341321,0.015037293,0.014708063,0.014309555,0.013907426,0.013191921,0.012175042,0.010818509,0.0090744133,0.0071653619,0.0050849876,0.0027603556,2.0515688e-06
"93",5.5939925e-05,0.0080401513,0.015180918,0.021722295,0.027808029,0.033516242,0.038896451,0.043983463,0.048803521,0.053377554,0.057722907,0.061855012,0.065787817,0.069534228,0.0731065,0.07651656,0.07977624,0.082897497,0.085892622,0.088774427,0.091556414,0.094252929,0.096321632,0.097820024,0.098550656,0.099154509,0.093171407,0.087285253,0.081415392,0.075473526,0.069673865,0.064069864,0.058558705,0.053538068,0.048926054,0.044571251,0.040306832,0.036211674,0.032333714,0.028705918,0.02521407,0.022031439,0.019100888,0.01635992,0.013785838,0.011372382,0.0090360518,0.0066830712,0.0044197009,0.002199749,1.5622536e-06
"94",4.4776792e-05,0.0062975994,0.012008436,0.017416509,0.022603166,0.027606855,0.032445407,0.037131277,0.041672768,0.04607621,0.050347683,0.054492872,0.058517826,0.06242858,0.066231109,0.069931277,0.073534878,0.077048239,0.080477737,0.083723553,0.086907571,0.090032539,0.093099626,0.096113672,0.099084495,0.10201898,0.096833161,0.091720039,0.086681487,0.081722601,0.076843418,0.072043473,0.067325156,0.062690758,0.058143508,0.053686276,0.049321524,0.045051614,0.040878931,0.036805547,0.032832329,0.028955472,0.025173823,0.021508108,0.017967121,0.014559353,0.011294042,0.0081801542,0.0052340169,0.002471698,1.4176403e-06
"95",3.8494292e-05,0.0054837961,0.010480737,0.015189474,0.019665039,0.023928191,0.027999156,0.03189238,0.035619537,0.03919137,0.042617772,0.045908563,0.049074051,0.052088587,0.054944171,0.057706112,0.060170186,0.062530365,0.06474342,0.066771195,0.068768106,0.070828639,0.073054956,0.075235218,0.077373094,0.07948688,0.075297536,0.071190341,0.067155602,0.063222298,0.059368876,0.055600788,0.051912688,0.048303525,0.044773304,0.041326621,0.037963451,0.034685551,0.031493883,0.028389163,0.0253739,0.022451533,0.019625479,0.016895978,0.014247448,0.011605778,0.0090320059,0.0065724127,0.0042343454,0.002024917,1.2074632e-06
"96",5.2966254e-05,0.0076306232,0.014388562,0.020554226,0.026269152,0.031611918,0.036633219,0.04136918,0.045847424,0.050090248,0.054116459,0.057942507,0.061583239,0.065052425,0.068363133,0.071528019,0.074559541,0.077397804,0.07986939,0.08232059,0.084554599,0.086555372,0.088248565,0.089723584,0.090980353,0.091759918,0.08672755,0.08185076,0.077024388,0.072254564,0.067549677,0.062919742,0.058374314,0.05392324,0.049576725,0.045344686,0.041236079,0.037258541,0.033419213,0.029722537,0.026150725,0.022773119,0.01955316,0.016507969,0.013615863,0.010823433,0.0084064756,0.0061172182,0.0040196739,0.0020003607,1.3475114e-06
"97",5.795035e-05,0.0083597761,0.015782591,0.022569943,0.028875182,0.034783661,0.040350417,0.045614606,0.050606108,0.055348984,0.059863476,0.064167249,0.068276208,0.072205074,0.075967793,0.079577844,0.083048472,0.086029809,0.088964604,0.091751114,0.094295771,0.096601987,0.09871903,0.10065844,0.10233915,0.10371535,0.098118215,0.092751831,0.087383378,0.082054466,0.0767848,0.071592549,0.066492783,0.061497872,0.056618352,0.051863404,0.047237334,0.042721385,0.038393774,0.034251502,0.030293692,0.026535668,0.022978565,0.019596638,0.016346564,0.013198332,0.010199945,0.0073731109,0.0047077194,0.0022015094,1.2437389e-06
"98",5.0413653e-05,0.0071848362,0.01366858,0.019739695,0.025510064,0.031035308,0.036349448,0.041474701,0.046427556,0.051220253,0.055863372,0.060366024,0.064736432,0.068982003,0.07310965,0.077126326,0.081038908,0.084854266,0.088579187,0.092220537,0.095785282,0.099280661,0.10271401,0.1060929,0.10942513,0.11271877,0.10701326,0.10137729,0.095812373,0.090320222,0.084902803,0.079562331,0.074301286,0.06912251,0.064029197,0.059024899,0.054113589,0.049299721,0.044588316,0.039985056,0.035496429,0.031129901,0.026894168,0.022799498,0.018858244,0.015085623,0.011501001,0.0081302675,0.0050110014,0.0022086706,1.0479861e-06
"99",0.00010733302,0.0156415,0.029745291,0.042807328,0.055092144,0.066746078,0.0778626,0.088507437,0.098730126,0.10856978,0.11805864,0.12722416,0.13609048,0.14467935,0.15301092,0.16110413,0.16897715,0.17664764,0.18413299,0.19145049,0.19861751,0.2056516,0.21257058,0.21939266,0.22613643,0.23282095,0.2209442,0.20924015,0.19770969,0.18635425,0.17517585,0.16417707,0.15336112,0.14273181,0.13229365,0.12205185,0.11201241,0.10218216,0.092568892,0.083181464,0.074029953,0.065125866,0.056482425,0.048114973,0.040041571,0.03228395,0.024869098,0.017832261,0.011223728,0.0051322291,2.7003433e-06
"100",9.0552499e-05,0.013131164,0.024984425,0.036000398,0.046395995,0.056287877,0.065749855,0.074833034,0.083575882,0.092008994,0.10015758,0.10804319,0.11568474,0.12309952,0.13030354,0.13731193,0.14413912,0.15079923,0.15730631,0.16367425,0.16991706,0.17604885,0.18208397,0.18803706,0.1939231,0.19975744,0.18966082,0.1797034,0.16988665,0.16021254,0.15068352,0.14130254,0.13207303,0.12299899,0.11408497,0.1053361,0.096758153,0.088357576,0.080141545,0.072118026,0.064295841,0.056684744,0.049295504,0.042140002,0.035231331,0.028583899,0.022213515,0.016137394,0.01037405,0.0049451519,2.9482352e-06
"101",8.6782492e-05,0.012442523,0.023739174,0.034367172,0.04451602,0.054280147,0.063714461,0.072855009,0.081726648,0.090348241,0.098734523,0.10689694,0.11484733,0.12259617,0.13015392,0.13753051,0.14473608,0.15178111,0.15867591,0.16543089,0.17205663,0.17856397,0.18496404,0.19126857,0.19748969,0.20364,0.19352164,0.18351014,0.17360841,0.16381982,0.15414826,0.14459814,0.13517439,0.12588256,0.11672883,0.10772008,0.098863986,0.090169118,0.081645081,0.073302693,0.065154215,0.057213665,0.049497243,0.042023926,0.034816349,0.027902145,0.021316176,0.015104636,0.0093341582,0.004121577,1.9158833e-06
"102",8.0655889e-05,0.011542288,0.022025452,0.031899225,0.041338978,0.050431341,0.059226106,0.06775604,0.076043861,0.084107399,0.091960294,0.099613976,0.10707817,0.11436188,0.12147387,0.12842233,0.13521551,0.14186124,0.1483678,0.15474276,0.16099543,0.16713513,0.17317173,0.17911564,0.1849776,0.19029385,0.18131359,0.17195556,0.16269571,0.1535377,0.14448561,0.13554398,0.12671782,0.11801266,0.1094346,0.10099038,0.092687445,0.084534083,0.07653953,0.068714153,0.061069675,0.053619478,0.046379017,0.039366402,0.032603263,0.026116077,0.019938378,0.014114855,0.0087104033,0.0038392216,1.7978062e-06
"103",8.3251617e-05,0.012018139,0.022982369,0.033299876,0.043147859,0.052615079,0.061753579,0.070599801,0.079179761,0.087512282,0.095613675,0.10349763,0.11117618,0.11866021,0.12595994,0.13308515,0.14004541,0.14685027,0.15350955,0.16003317,0.16643141,0.17271473,0.17889423,0.18498137,0.19080029,0.19674259,0.18698124,0.17724161,0.16786405,0.15839642,0.14904409,0.13981137,0.13070308,0.12172455,0.11288174,0.10418122,0.095630335,0.087237236,0.079011059,0.070962073,0.063101895,0.05544378,0.048003008,0.040797413,0.033848156,0.027180869,0.020827503,0.014829587,0.0092451179,0.0041703289,2.1611493e-06
"104",5.7154743e-05,0.0080572613,0.015549702,0.022814005,0.029934266,0.036940662,0.043843275,0.050647213,0.057353552,0.063962257,0.070472383,0.076882224,0.083190902,0.089397566,0.095501652,0.10150345,0.10740308,0.11320153,0.11889973,0.1245007,0.13000733,0.13542326,0.14075284,0.14594511,0.15075448,0.15579604,0.14870409,0.14113763,0.13413853,0.12684883,0.11961145,0.11243228,0.10531753,0.098273764,0.091307957,0.084427556,0.077640536,0.070955494,0.064381747,0.05792947,0.051609858,0.045435345,0.039419887,0.03357935,0.027932041,0.022499493,0.017307659,0.012388965,0.0077865062,0.0035674322,1.9381301e-06
"105",5.5227912e-05,0.0077994906,0.015036729,0.022038388,0.028885854,0.035606948,0.042216083,0.048720381,0.055120327,0.061417531,0.067613205,0.073707452,0.079700308,0.085592329,0.091384283,0.097077337,0.10267291,0.10817279,0.11357986,0.11889676,0.12412695,0.1292741,0.13434233,0.13933667,0.14408969,0.14876223,0.14156606,0.13500785,0.12801665,0.1210751,0.1141884,0.10736195,0.10060149,0.093913046,0.087302993,0.08077811,0.074345615,0.068013228,0.061789236,0.055682576,0.049702929,0.043860827,0.03816779,0.032636473,0.027280845,0.022116396,0.017160375,0.01243209,0.0079535709,0.0037538586,2.1673727e-06
"106",7.2594173e-05,0.010382198,0.019837121,0.028768511,0.037327425,0.045585327,0.053584429,0.061351444,0.068904969,0.076258849,0.083424472,0.090411418,0.097228619,0.10388433,0.11038636,0.11674226,0.12295946,0.12904544,0.13500795,0.14085478,0.14659415,0.15223456,0.15778483,0.16325418,0.1685643,0.17386801,0.16525315,0.15693845,0.14854411,0.14024088,0.13203261,0.12392357,0.11591845,0.10802243,0.10024117,0.092580921,0.085048535,0.077651585,0.070398442,0.063298406,0.056361861,0.049600469,0.043027425,0.036657788,0.030508926,0.024601128,0.018958522,0.013610564,0.0085951588,0.00396985,2.1751296e-06
"107",9.0969281e-05,0.01315746,0.02504415,0.036119087,0.046598272,0.056595494,0.066182871,0.075408952,0.084309946,0.092913861,0.10124365,0.10931864,0.11715572,0.12477031,0.13217645,0.13938711,0.14641583,0.15327547,0.15997905,0.1665395,0.17296997,0.17928374,0.18549447,0.1916162,0.19766336,0.2036043,0.19331288,0.18325567,0.1732579,0.16339585,0.15367224,0.14409037,0.13465404,0.12536765,0.11623621,0.10726541,0.098461705,0.08983238,0.081385681,0.07313095,0.065078812,0.057241399,0.049632657,0.042268738,0.035168527,0.028354367,0.021853079,0.015697525,0.0099294802,0.0046093402,2.5848447e-06
"108",6.0560889e-05,0.0085969286,0.016516544,0.024102832,0.031463442,0.038644356,0.045665616,0.052541463,0.059280051,0.065886172,0.07236248,0.078711547,0.084936279,0.091039263,0.097023247,0.10289124,0.10864638,0.11429212,0.11983247,0.12527222,0.13061599,0.13586911,0.14103737,0.14612712,0.15097499,0.15589753,0.14813692,0.14087552,0.1336345,0.12626438,0.11895951,0.11172484,0.10456572,0.097487876,0.090497487,0.083601227,0.076806345,0.070120742,0.063553089,0.057112969,0.050811054,0.044659355,0.038671543,0.032863417,0.02725356,0.021864355,0.016723635,0.011867703,0.0073479848,0.003253024,1.5005033e-06
"109",8.4294576e-05,0.012187309,0.023249654,0.033606452,0.043445207,0.052863366,0.061922484,0.070663186,0.079115559,0.087302771,0.095244203,0.10295615,0.1104529,0.11774719,0.12485102,0.13177563,0.1385318,0.1451303,0.15158222,0.15789812,0.16408936,0.17016748,0.17614426,0.18203185,0.18755468,0.19348237,0.18379658,0.17394882,0.16479646,0.15543382,0.14619292,0.13707746,0.1280917,0.1192404,0.11052896,0.1019634,0.093550511,0.085297909,0.077214187,0.06930907,0.061593637,0.0540806,0.046784701,0.039723246,0.032916894,0.026390847,0.0201768,0.014316488,0.0088695297,0.0039394064,1.8812666e-06
"110",5.4043073e-05,0.007674114,0.014814941,0.021714633,0.028451155,0.035052598,0.041533183,0.047899883,0.054155115,0.060301197,0.066339707,0.072271631,0.078097672,0.083818824,0.089436272,0.094951838,0.10036786,0.10568715,0.11091302,0.11604876,0.12109862,0.12606704,0.13095868,0.13577854,0.14032985,0.14489451,0.1380436,0.13121731,0.12455947,0.11776899,0.1110346,0.10436134,0.097754558,0.091219952,0.08476358,0.078391925,0.07211194,0.065931115,0.059857558,0.053900093,0.048068374,0.042373035,0.036825877,0.031440093,0.026230571,0.021214278,0.016410773,0.011842966,0.0075385116,0.0035353236,2.0406962e-06
"111",5.0948786e-05,0.0070794404,0.013612155,0.019956941,0.02619718,0.032360399,0.038454079,0.044480529,0.050438928,0.056326904,0.062142014,0.067881521,0.073542735,0.079123224,0.08462142,0.090036176,0.095366342,0.10061171,0.10577256,0.11084965,0.11584357,0.12075725,0.12559351,0.13035471,0.135045,0.13928084,0.13280103,0.12655199,0.12003694,0.11355636,0.10711567,0.10072057,0.09437705,0.088091413,0.08187033,0.075720886,0.069650646,0.063667726,0.057780893,0.051999685,0.046334556,0.040797077,0.035400189,0.030158546,0.025088985,0.020211211,0.015548817,0.011131,0.0069960151,0.0032023672,1.7016294e-06
"112",7.5107683e-05,0.010627324,0.020333083,0.029581747,0.038525211,0.047227352,0.055723938,0.064035757,0.072174921,0.080149929,0.087967028,0.095631159,0.10314635,0.11051547,0.1177423,0.12483038,0.1317836,0.13860575,0.14530169,0.15187664,0.15833768,0.16469195,0.17094715,0.17711159,0.18310871,0.18906279,0.17990722,0.17094785,0.16203469,0.15312885,0.14430612,0.1355721,0.12693286,0.11839494,0.10996542,0.10165196,0.093462863,0.085407177,0.077494791,0.069736574,0.06214454,0.054732064,0.047514168,0.040507895,0.033732836,0.027211881,0.020972403,0.015048317,0.0094846007,0.0043532944,2.3114176e-06
"113",5.8426931e-05,0.0081793254,0.015655137,0.022827386,0.029807727,0.036641385,0.043349334,0.049942782,0.05642722,0.062804671,0.069076679,0.075244227,0.081307778,0.087267807,0.093125317,0.098881139,0.10453708,0.11009503,0.11555684,0.12092555,0.1262049,0.13139884,0.13651297,0.14155319,0.1465259,0.15137174,0.14422964,0.13706639,0.12995243,0.12289222,0.11589056,0.10895252,0.10208355,0.095289427,0.088576351,0.081950952,0.075420353,0.068992223,0.062674853,0.056477239,0.050409186,0.044481431,0.038705785,0.0330953,0.027664467,0.022429414,0.017408099,0.01262042,0.0080882132,0.0038369973,2.2658062e-06
"114",4.5963426e-05,0.0065038464,0.01272126,0.018870432,0.024992541,0.031084241,0.037141794,0.043159493,0.049129596,0.055044741,0.060899316,0.066687762,0.072405329,0.07804828,0.08361392,0.089099619,0.094503613,0.099825499,0.10506444,0.11022089,0.11529607,0.12029193,0.12521087,0.12973119,0.13368914,0.1380005,0.13271853,0.12612071,0.12012821,0.11371024,0.10732494,0.10097861,0.094677747,0.088429169,0.082240001,0.076117745,0.070070338,0.064106222,0.05823443,0.05246469,0.046807552,0.041274544,0.035878373,0.030633169,0.025554803,0.020661303,0.015973411,0.011515387,0.00731654,0.003417302,1.9397898e-06
"115",7.6442808e-05,0.010883136,0.020838403,0.030305403,0.039428838,0.048277859,0.056888392,0.065283686,0.07348058,0.081490878,0.089323211,0.096984932,0.1044823,0.11182116,0.11900718,0.12604565,0.13294241,0.13970334,0.14633493,0.15284382,0.15923739,0.1655233,0.17171008,0.17780646,0.18370774,0.18963567,0.18030417,0.17138083,0.16231021,0.15332589,0.14443274,0.13563608,0.12694169,0.11835582,0.10988531,0.10153756,0.093320662,0.085243468,0.077315699,0.069548088,0.061952551,0.054542413,0.047332695,0.040340499,0.033585526,0.027090807,0.020883788,0.0149981,0.0094770934,0.0043856946,2.4397162e-06
"116",0.00010695967,0.015508891,0.029658765,0.04295681,0.055626644,0.067786415,0.0795084,0.090840668,0.10181854,0.11246966,0.12281625,0.13287715,0.14266821,0.15220491,0.16150153,0.17057194,0.1794293,0.18808695,0.19655855,0.20485748,0.21299771,0.22099372,0.22886039,0.23654645,0.24392527,0.25118329,0.239111,0.22677223,0.21457095,0.20253407,0.19058067,0.17878499,0.16715282,0.15569062,0.14440561,0.13330584,0.1224003,0.11169898,0.10121311,0.090955283,0.080939722,0.071182596,0.061702431,0.052520673,0.043662461,0.035157744,0.027042986,0.019364022,0.012181913,0.0055920708,3.0405714e-06
"117",7.8815766e-05,0.011292929,0.021678031,0.03156303,0.041092055,0.050333223,0.059324608,0.0680902,0.076646221,0.08500457,0.093175043,0.10116552,0.10898303,0.11663393,0.12412412,0.13145937,0.13864582,0.1456899,0.15259829,0.15937841,0.1660379,0.17258544,0.17902998,0.1851756,0.19079899,0.19678815,0.18836449,0.17825203,0.16897653,0.15983082,0.15055767,0.14138565,0.13232085,0.12336991,0.11453997,0.1058388,0.097274871,0.088857394,0.080596481,0.072503253,0.06459002,0.05687049,0.049360047,0.042076107,0.0350386,0.028270649,0.021799579,0.015658634,0.0098907234,0.0045623947,2.4704975e-06
"118",0.00012242623,0.017814948,0.033925016,0.048905302,0.063049762,0.076518858,0.089413432,0.10180354,0.1137412,0.12526703,0.13641415,0.1472107,0.15768111,0.16784766,0.17773086,0.18735014,0.19672414,0.205871,0.21480863,0.22355485,0.23212749,0.24054502,0.24882611,0.25698992,0.26505612,0.27304493,0.2592503,0.24563753,0.23220853,0.21896587,0.20591286,0.19305351,0.18039256,0.16793558,0.15568898,0.14366009,0.13185729,0.12029006,0.1089692,0.097906972,0.08711737,0.076616393,0.066422468,0.056556972,0.047044951,0.037916125,0.029206373,0.020960151,0.013235342,0.0061198949,3.4003341e-06
"119",9.2338887e-05,0.013337832,0.025573531,0.037147699,0.048237618,0.05893124,0.06928447,0.079335451,0.08910746,0.098621691,0.10789492,0.11694081,0.12577137,0.13439787,0.14282999,0.15107833,0.15915288,0.16706341,0.17482015,0.18243443,0.18991695,0.19727931,0.20453362,0.2116924,0.21836536,0.2257048,0.21457455,0.20346737,0.19302279,0.18234148,0.171785,0.16135861,0.15106812,0.14091987,0.13092081,0.12107851,0.11140124,0.10189805,0.092578765,0.083454144,0.074535918,0.065836893,0.057371018,0.049153436,0.041200453,0.033529346,0.026157814,0.019102638,0.01237653,0.0059819566,3.6894233e-06
"120",8.8242706e-05,0.012629753,0.024104971,0.034920032,0.045265987,0.05523708,0.064887926,0.074252894,0.083356292,0.092216118,0.10084659,0.10925998,0.11746706,0.12547732,0.13329995,0.14094503,0.14842212,0.15574085,0.16291089,0.16994256,0.17684626,0.18363291,0.19031367,0.19690017,0.20340448,0.20983917,0.19950898,0.18928421,0.17916812,0.16916443,0.1592774,0.14951181,0.13987297,0.13036677,0.12099975,0.1117791,0.10271279,0.093809581,0.085079205,0.076532446,0.068181321,0.060039278,0.052121461,0.044445043,0.037029684,0.02989816,0.023077317,0.016599694,0.010507088,0.0048640999,2.6539788e-06
"121",3.7562649e-05,0.0052571043,0.01038478,0.0155905,0.020864985,0.026192903,0.031556015,0.03693334,0.04231056,0.047675613,0.053018082,0.058327758,0.063595514,0.068814237,0.073977758,0.079081447,0.084121222,0.089093539,0.093996109,0.098827393,0.10358652,0.10827265,0.1128862,0.11718525,0.12007012,0.1245231,0.12036945,0.11397973,0.10888175,0.10330938,0.097584346,0.09187904,0.086200376,0.080555495,0.074951806,0.069397038,0.06389931,0.058467204,0.053109858,0.047837084,0.042659511,0.037588773,0.032637751,0.027820899,0.02315469,0.018658267,0.014354428,0.010271297,0.0064457781,0.0029351833,1.5125976e-06
"122",8.1216752e-05,0.011723926,0.022350061,0.032289615,0.041725003,0.050751966,0.059429783,0.067798552,0.075887914,0.083720994,0.091316878,0.098691691,0.10585947,0.11283335,0.11962523,0.12624633,0.13270744,0.13901909,0.14519166,0.15123552,0.15716118,0.16297942,0.16870125,0.17433802,0.17983475,0.18519752,0.17603996,0.16683866,0.15782055,0.14885002,0.13999551,0.1312605,0.12264899,0.11416553,0.10581522,0.097603837,0.089537856,0.081624574,0.07387223,0.066290165,0.058889038,0.051681114,0.04468066,0.037904506,0.031372878,0.025110695,0.019149748,0.013532788,0.0083227535,0.0036332055,1.5923821e-06
"123",7.8787364e-05,0.011224868,0.021466209,0.031177731,0.040520739,0.049570085,0.058367041,0.066938066,0.075301153,0.083468792,0.091450763,0.099254939,0.10688812,0.1143568,0.12166709,0.12882514,0.13583725,0.14271018,0.14945057,0.15606584,0.16256348,0.16895121,0.17523747,0.18143161,0.18754365,0.1934852,0.18403228,0.17479116,0.16552292,0.15634561,0.14726414,0.13828386,0.1294106,0.12065069,0.11201104,0.10349919,0.095123351,0.086892537,0.07881665,0.070906625,0.063174602,0.055634138,0.048300476,0.041190891,0.034325117,0.027725908,0.02141973,0.015437652,0.0098166508,0.0046044808,2.6676576e-06
"124",7.6544009e-05,0.010986824,0.021121605,0.030796904,0.040139422,0.049214297,0.058055573,0.066681788,0.07510825,0.083345669,0.091401991,0.099282361,0.10699304,0.11453972,0.1219278,0.12916261,0.13624955,0.1431955,0.15000647,0.15668952,0.16325147,0.16970014,0.17604386,0.18182973,0.18702732,0.1928018,0.18516262,0.17512664,0.16616959,0.15709365,0.14795079,0.13890409,0.12995976,0.12112448,0.11240549,0.10381066,0.095348538,0.087028511,0.078860909,0.070857183,0.063030139,0.055394228,0.047965959,0.040764456,0.033812276,0.027136648,0.020771482,0.01476099,0.0091674923,0.0040963179,2.0199118e-06
