"TEMPERATURE.1.","TEMPERATURE.2.","TEMPERATURE.3.","TEMPERATURE.4.","TEMPERATURE.5.","TEMPERATURE.6.","TEMPERATURE.7.","TEMPERATURE.8.","TEMPERATURE.9.","TEMPERATURE.10.","TEMPERATURE.11.","TEMPERATURE.12.","TEMPERATURE.13.","TEMPERATURE.14.","TEMPERATURE.15.","TEMPERATURE.16.","TEMPERATURE.17.","TEMPERATURE.18.","TEMPERATURE.19.","TEMPERATURE.20.","TEMPERATURE.21.","TEMPERATURE.22.","TEMPERATURE.23.","TEMPERATURE.24.","TEMPERATURE.25.","TEMPERATURE.26.","TEMPERATURE.27.","TEMPERATURE.28.","TEMPERATURE.29.","TEMPERATURE.30.","TEMPERATURE.31.","TEMPERATURE.32.","TEMPERATURE.33.","TEMPERATURE.34.","TEMPERATURE.35.","TEMPERATURE.36.","TEMPERATURE.37.","TEMPERATURE.38.","TEMPERATURE.39.","TEMPERATURE.40.","TEMPERATURE.41.","TEMPERATURE.42.","TEMPERATURE.43.","TEMPERATURE.44.","TEMPERATURE.45.","TEMPERATURE.46.","TEMPERATURE.47.","TEMPERATURE.48.","TEMPERATURE.49.","TEMPERATURE.50."
"1",9.8317996,9.8385757,9.842036,9.8443761,9.8461466,9.8475694,9.848757,9.8497739,9.850661,9.8514458,9.8521476,9.8527806,9.8533555,9.8538805,9.8543623,9.8548061,9.855216,9.8555958,9.8559483,9.8562761,9.8565812,9.8568656,9.8571307,9.8573779,9.8576085,9.8578235,9.8580407,9.8582601,9.8584819,9.8587062,9.8589332,9.8591629,9.8593956,9.8596314,9.8598705,9.8601132,9.8603598,9.8606104,9.8608654,9.8611252,9.8613901,9.8616606,9.8619372,9.8622203,9.8625105,9.8628084,9.8631143,9.8634285,9.8637504,9.8640784
"2",9.5920915,9.5980225,9.6010128,9.6030167,9.6045217,9.6057239,9.6067221,9.6075731,9.6083125,9.6089643,9.6095454,9.610068,9.6105416,9.6109731,9.6113682,9.6117315,9.6120666,9.6123765,9.6126638,9.6129307,9.6131788,9.6134098,9.613625,9.6138256,9.6140126,9.6141869,9.6143628,9.6145405,9.61472,9.6149015,9.6150849,9.6152706,9.6154585,9.6156488,9.6158418,9.6160374,9.6162361,9.6164379,9.6166432,9.6168521,9.6170652,9.6172827,9.6175051,9.617733,9.6179671,9.6182084,9.618458,9.6187181,9.6189918,9.6192889
"3",9.1585723,9.1648936,9.1681312,9.1703212,9.1719772,9.1733072,9.1744164,9.1753656,9.1761932,9.1769249,9.177579,9.1781687,9.1787042,9.1791931,9.1796417,9.1800548,9.1804365,9.1807901,9.1811184,9.1814236,9.1817078,9.1819727,9.1822198,9.1824503,9.1826654,9.182866,9.1830688,9.1832738,9.1834811,9.1836908,9.1839032,9.1841183,9.1843363,9.1845574,9.1847818,9.1850099,9.1852417,9.1854777,9.1857182,9.1859637,9.1862147,9.1864717,9.1867354,9.1870069,9.1872873,9.1875781,9.1878817,9.1882013,9.1885436,9.1889261
"4",8.6845371,8.6925765,8.696597,8.6992562,8.7012277,8.7027839,8.704062,8.7051408,8.7060697,8.7068819,8.7076004,8.7082422,8.70882,8.7093433,8.7098199,8.7102559,8.7106562,8.7110248,8.7113652,8.7116802,8.7119722,8.7122431,8.7124949,8.7127291,8.7129473,8.7131504,8.7133551,8.7135611,8.7137688,8.7139785,8.7141903,8.7144043,8.7146208,8.7148398,8.7150617,8.7152866,8.7155148,8.7157465,8.715982,8.7162218,8.7164662,8.7167156,8.7169708,8.7172321,8.7175006,8.7177771,8.718063,8.7183599,8.7186708,8.7190031
"5",8.3438923,8.348663,8.3511055,8.352759,8.3540104,8.3550162,8.3558555,8.3565741,8.3572007,8.357755,8.3582504,8.3586972,8.3591028,8.3594731,8.3598128,8.3601256,8.3604146,8.3606821,8.3609304,8.3611612,8.361376,8.3615762,8.3617627,8.3619366,8.3620988,8.36225,8.3624027,8.362557,8.3627128,8.3628703,8.3630296,8.3631907,8.3633537,8.3635188,8.363686,8.3638554,8.3640272,8.3642016,8.3643786,8.3645585,8.3647415,8.3649279,8.3651179,8.3653119,8.3655102,8.3657136,8.3659227,8.3661386,8.3663637,8.366605
"6",7.9839861,7.9888208,7.9912933,7.9929667,7.9942331,7.995251,7.9961006,7.9968282,7.997463,7.9980246,7.998527,7.9989802,7.9993919,7.999768,8.0001133,8.0004314,8.0007255,8.000998,8.001251,8.0014865,8.0017057,8.0019102,8.0021009,8.0022789,8.002445,8.0026,8.0027567,8.0029151,8.0030753,8.0032375,8.0034017,8.003568,8.0037367,8.0039078,8.0040815,8.004258,8.0044375,8.0046203,8.0048067,8.0049969,8.0051914,8.0053907,8.0055953,8.0058059,8.0060235,8.0062493,8.0064851,8.0067337,8.0070002,8.0072997
"7",7.5893312,7.5967669,7.6004649,7.6029116,7.6047278,7.6061629,7.6073429,7.6083398,7.609199,7.6099508,7.6106165,7.6112114,7.6117474,7.6122331,7.6126758,7.613081,7.6134532,7.6137962,7.6141131,7.6144065,7.6146785,7.6149312,7.6151661,7.6153848,7.615589,7.6157797,7.615971,7.6161636,7.616358,7.6165542,7.6167524,7.6169529,7.6171558,7.6173613,7.6175697,7.6177811,7.6179959,7.6182143,7.6184367,7.6186636,7.6188953,7.6191327,7.6193762,7.6196269,7.6198859,7.6201546,7.6204354,7.6207315,7.6210493,7.6214059
"8",7.2631135,7.2695385,7.2728024,7.2749914,7.2766328,7.2779406,7.2790232,7.2799432,7.2807401,7.2814405,7.282063,7.2826213,7.2831257,7.2835842,7.2840029,7.284387,7.2847405,7.2850668,7.2853686,7.2856484,7.2859081,7.2861495,7.286374,7.2865829,7.2867774,7.2869584,7.2871409,7.2873249,7.2875106,7.287698,7.2878873,7.2880785,7.2882717,7.2884671,7.2886648,7.2888648,7.2890675,7.2892729,7.2894813,7.2896928,7.2899077,7.2901263,7.2903489,7.290576,7.290808,7.2910457,7.2912898,7.2915419,7.2918045,7.292086
"9",7.0181602,7.0229311,7.0253385,7.0269466,7.0281499,7.0291076,7.0298999,7.0305731,7.0311562,7.0316688,7.0321246,7.0325335,7.0329031,7.0332392,7.0335464,7.0338283,7.0340879,7.0343277,7.0345496,7.0347554,7.0349466,7.0351243,7.0352898,7.035444,7.0355879,7.0357223,7.035857,7.0359931,7.0361306,7.0362694,7.0364097,7.0365515,7.036695,7.0368404,7.0369876,7.0371369,7.0372884,7.0374423,7.0375987,7.037758,7.0379203,7.038086,7.0382554,7.038429,7.0386074,7.0387912,7.0389816,7.0391803,7.0393905,7.0396224
"10",6.7984951,6.8021608,6.8040302,6.8052949,6.8062518,6.807021,6.807663,6.8082129,6.8086926,6.809117,6.8094966,6.8098391,6.8101503,6.8104346,6.8106955,6.810936,6.8111583,6.8113643,6.8115556,6.8117336,6.8118994,6.812054,6.8121983,6.8123329,6.8124586,6.8125758,6.8126944,6.8128143,6.8129356,6.8130583,6.8131827,6.8133087,6.8134365,6.8135662,6.8136978,6.8138317,6.8139679,6.8141066,6.814248,6.8143924,6.8145402,6.8146916,6.8148472,6.8150074,6.8151731,6.8153452,6.815525,6.8157149,6.8159191,6.8161501
"11",6.5522584,6.5567237,6.5589799,6.5604912,6.5616238,6.5625259,6.5632727,6.5639072,6.564457,6.5649402,6.5653699,6.5657555,6.566104,6.5664209,6.5667105,6.5669764,6.5672213,6.5674474,6.5676568,6.5678511,6.5680316,6.5681994,6.5683557,6.5685013,6.568637,6.5687634,6.568891,6.5690199,6.5691501,6.5692817,6.5694149,6.5695498,6.5696865,6.569825,6.5699656,6.5701085,6.5702538,6.5704017,6.5705526,6.5707067,6.5708645,6.5710262,6.5711926,6.5713643,6.5715423,6.5717278,6.5719229,6.5721306,6.5723575,6.5726232
"12",6.3712524,6.3769365,6.3796879,6.3814776,6.38279,6.3838177,6.3846567,6.3853616,6.3859664,6.3864935,6.3869587,6.3873733,6.387746,6.3880831,6.3883897,6.3886699,6.388927,6.3891637,6.389382,6.389584,6.3897711,6.3899448,6.3901061,6.3902563,6.3903965,6.3905275,6.3906582,6.3907903,6.3909234,6.3910576,6.3911932,6.3913303,6.3914689,6.3916093,6.3917515,6.3918957,6.3920422,6.392191,6.3923424,6.3924968,6.3926543,6.3928154,6.3929806,6.3931503,6.3933253,6.3935067,6.3936957,6.3938946,6.3941078,6.3943481
"13",6.0472974,6.0527702,6.0555368,6.0573881,6.0587757,6.0598818,6.0607985,6.0615788,6.0622559,6.0628522,6.0633834,6.0638609,6.0642932,6.0646871,6.0650477,6.0653791,6.0656849,6.0659677,6.0662299,6.0664734,6.0666999,6.0669108,6.0671074,6.0672906,6.0674618,6.0676211,6.0677823,6.067945,6.0681092,6.0682752,6.0684432,6.0686132,6.0687854,6.0689599,6.0691369,6.0693164,6.0694987,6.069684,6.0698725,6.0700644,6.0702601,6.0704597,6.0706638,6.0708726,6.0710868,6.0713068,6.0715334,6.0717676,6.0720111,6.0722687
"14",5.5913802,5.5974169,5.600497,5.6025742,5.6041401,5.6053939,5.6064363,5.6073259,5.6080992,5.6087813,5.6093894,5.6099365,5.6104322,5.6108838,5.6112974,5.6116776,5.6120283,5.6123527,5.6126533,5.6129325,5.6131921,5.6134338,5.6136589,5.6138688,5.6140643,5.6142466,5.6144307,5.6146165,5.6148044,5.6149943,5.6151863,5.6153807,5.6155775,5.6157769,5.6159791,5.6161843,5.6163927,5.6166044,5.6168199,5.6170395,5.6172634,5.6174921,5.6177262,5.6179662,5.6182129,5.6184674,5.618731,5.619006,5.619297,5.6196187
"15",5.3332399,5.3370881,5.3390155,5.3402986,5.3412553,5.342014,5.3426396,5.3431695,5.3436271,5.3440283,5.3443841,5.3447026,5.3449899,5.3452507,5.3454886,5.3457066,5.3459071,5.346092,5.346263,5.3464214,5.3465684,5.346705,5.3468321,5.3469503,5.3470604,5.3471629,5.3472663,5.3473706,5.3474759,5.3475822,5.3476898,5.3477985,5.3479086,5.3480201,5.3481331,5.3482477,5.3483641,5.3484824,5.3486028,5.3487254,5.3488506,5.3489785,5.3491094,5.3492438,5.3493822,5.3495251,5.3496735,5.349829,5.3499943,5.3501782
"16",5.2001994,5.2039802,5.2059102,5.2072123,5.208194,5.20898,5.2096333,5.2101906,5.210675,5.211102,5.2114827,5.211825,5.212135,5.2124175,5.2126761,5.2129138,5.213133,5.2133358,5.2135237,5.2136983,5.2138606,5.2140117,5.2141525,5.2142837,5.214406,5.21452,5.2146352,5.2147515,5.2148691,5.2149881,5.2151084,5.2152303,5.2153538,5.215479,5.215606,5.2157351,5.2158663,5.2159999,5.2161361,5.2162751,5.2164172,5.2165628,5.2167123,5.2168663,5.2170255,5.2171908,5.2173637,5.2175463,5.2177429,5.2179657
"17",4.9644759,4.9688447,4.9710141,4.9724577,4.9735359,4.9743927,4.9751008,4.9757019,4.9762222,4.9766792,4.9770853,4.9774496,4.9777787,4.9780779,4.9783513,4.9786022,4.9788333,4.9790466,4.9792442,4.9794274,4.9795976,4.9797559,4.9799032,4.9800405,4.9801683,4.9802874,4.9804076,4.9805289,4.9806515,4.9807753,4.9809006,4.9810273,4.9811557,4.9812858,4.9814177,4.9815516,4.9816876,4.9818259,4.9819668,4.9821104,4.9822571,4.9824071,4.9825609,4.982719,4.9828819,4.9830505,4.9832261,4.9834105,4.9836073,4.9838279
"18",4.8203124,4.8235988,4.8252324,4.8263199,4.827132,4.8277772,4.8283101,4.8287624,4.8291536,4.8294971,4.8298022,4.8300758,4.8303228,4.8305474,4.8307524,4.8309406,4.8311138,4.8312737,4.8314217,4.8315589,4.8316864,4.8318049,4.8319152,4.8320179,4.8321136,4.8322027,4.8322925,4.8323833,4.8324749,4.8325675,4.8326611,4.8327557,4.8328516,4.8329487,4.8330472,4.833147,4.8332485,4.8333516,4.8334565,4.8335633,4.8336723,4.8337836,4.8338976,4.8340144,4.8341344,4.8342582,4.8343862,4.8345195,4.8346597,4.8348122
"19",4.6967219,4.6992606,4.7004994,4.7013164,4.7019216,4.7023987,4.70279,4.7031196,4.7034028,4.7036499,4.7038681,4.7040625,4.7042372,4.7043951,4.7045386,4.7046697,4.7047899,4.7049004,4.7050023,4.7050964,4.7051836,4.7052643,4.7053393,4.7054089,4.7054736,4.7055337,4.7055941,4.7056551,4.7057164,4.7057784,4.7058408,4.7059039,4.7059676,4.7060321,4.7060973,4.7061633,4.7062302,4.7062981,4.706367,4.706437,4.7065082,4.7065809,4.706655,4.7067308,4.7068085,4.7068884,4.706971,4.7070569,4.7071477,4.7072482
"20",4.6492568,4.65061,4.6512408,4.6516489,4.6519403,4.6521612,4.6523365,4.6524801,4.6526004,4.6527029,4.6527913,4.6528684,4.6529362,4.6529964,4.65305,4.6530982,4.6531416,4.6531809,4.6532167,4.6532494,4.6532792,4.6533066,4.6533318,4.653355,4.6533764,4.6533962,4.6534164,4.6534372,4.6534586,4.6534804,4.6535029,4.6535259,4.6535496,4.6535738,4.6535987,4.6536242,4.6536504,4.6536772,4.6537048,4.6537331,4.6537622,4.6537922,4.6538233,4.6538554,4.6538889,4.6539241,4.6539612,4.6540013,4.6540461,4.6541022
"21",4.6092449,4.6098521,4.6070664,4.6054115,4.6043578,4.6037098,4.6032562,4.6029297,4.6026824,4.602483,4.6023106,4.6021579,4.602009,4.6018816,4.6017556,4.6016378,4.6015217,4.6014092,4.6013011,4.6012015,4.6011074,4.6010226,4.6009465,4.6008836,4.6008326,4.6007901,4.6007549,4.6007258,4.6007024,4.600685,4.6006735,4.6006686,4.6006701,4.6006781,4.6006922,4.600712,4.6007365,4.600765,4.6007969,4.6008317,4.6008689,4.6009083,4.6009495,4.6009927,4.601038,4.6010857,4.6011364,4.6011908,4.6012511,4.6013253
"22",4.52021,4.5222511,4.5232319,4.5238736,4.5243453,4.5247144,4.5250144,4.5252652,4.5254788,4.5256637,4.5258256,4.5259688,4.5260965,4.5262111,4.5263146,4.5264085,4.526494,4.5265721,4.5266438,4.5267097,4.5267704,4.5268264,4.5268781,4.526926,4.5269703,4.5270113,4.5270525,4.5270939,4.5271354,4.5271773,4.5272194,4.5272619,4.5273048,4.5273481,4.5273918,4.527436,4.5274808,4.5275262,4.5275723,4.5276191,4.5276666,4.5277151,4.5277645,4.5278149,4.5278666,4.5279197,4.5279745,4.5280315,4.5280919,4.5281601
"23",4.4814254,4.483083,4.4838771,4.4843971,4.4847802,4.4850805,4.4853252,4.4855302,4.4857053,4.4858572,4.4859905,4.4861086,4.4862142,4.4863092,4.4863951,4.4864732,4.4865445,4.4866098,4.4866698,4.4867251,4.4867761,4.4868232,4.4868668,4.4869072,4.4869447,4.4869794,4.4870143,4.4870494,4.4870847,4.4871203,4.4871562,4.4871925,4.4872291,4.4872661,4.4873037,4.4873417,4.4873803,4.4874196,4.4874595,4.4875003,4.4875419,4.4875845,4.4876283,4.4876733,4.4877199,4.4877683,4.4878191,4.487873,4.4879318,4.4880021
"24",4.4356625,4.4370386,4.4376808,4.4380946,4.4383952,4.4386277,4.4388148,4.4389694,4.4390997,4.4392114,4.4393081,4.4393929,4.4394678,4.4395343,4.4395939,4.4396474,4.4396958,4.4397397,4.4397796,4.4398161,4.4398494,4.4398799,4.4399079,4.4399337,4.4399574,4.4399792,4.440001,4.4400228,4.4400445,4.4400663,4.4400882,4.4401102,4.4401323,4.4401546,4.440177,4.4401997,4.4402226,4.4402459,4.4402695,4.4402936,4.4403182,4.4403434,4.4403693,4.4403961,4.440424,4.4404534,4.4404847,4.440519,4.4405587,4.4406127
"25",4.3591421,4.3622868,4.3638362,4.3648617,4.3656232,4.3662246,4.3667186,4.3671353,4.3674939,4.3678071,4.3680839,4.3683309,4.3685531,4.3687542,4.3689371,4.3691044,4.3692579,4.3693992,4.3695296,4.3696503,4.369762,4.3698658,4.3699621,4.3700517,4.370135,4.3702125,4.3702906,4.3703693,4.3704488,4.370529,4.3706101,4.3706921,4.3707751,4.3708592,4.3709445,4.371031,4.371119,4.3712085,4.3712997,4.3713928,4.371488,4.3715856,4.3716858,4.3717892,4.3718961,4.3720073,4.3721239,4.3722476,4.3723821,4.3725388
"26",4.3149343,4.3154938,4.3157187,4.3158499,4.3159366,4.3159971,4.3160405,4.3160721,4.316095,4.3161116,4.3161232,4.3161312,4.3161362,4.3161389,4.3161397,4.3161392,4.3161375,4.316135,4.3161317,4.316128,4.3161239,4.3161194,4.3161148,4.3161101,4.3161054,4.3161006,4.3160956,4.3160901,4.3160844,4.3160784,4.316072,4.3160654,4.3160585,4.3160513,4.3160438,4.3160361,4.316028,4.3160198,4.3160112,4.3160024,4.3159933,4.3159839,4.3159743,4.3159644,4.3159544,4.3159442,4.315934,4.3159243,4.3159162,4.315915
"27",4.3370718,4.3372976,4.3372938,4.3372501,4.3371921,4.3371273,4.3370591,4.3369893,4.3369192,4.3368496,4.3367808,4.3367134,4.3366476,4.3365835,4.3365213,4.336461,4.3364028,4.3363466,4.3362926,4.3362406,4.3361908,4.3361431,4.3360975,4.3360539,4.3360124,4.3359727,4.3359319,4.3358901,4.3358473,4.3358035,4.3357586,4.3357126,4.3356655,4.3356173,4.335568,4.3355174,4.3354655,4.3354124,4.3353579,4.3353021,4.3352449,4.3351863,4.3351263,4.3350649,4.3350023,4.3349388,4.3348747,4.3348109,4.3347496,4.3347006
"28",4.4688707,4.4664689,4.4627469,4.4599071,4.4576977,4.4559021,4.4543794,4.4531024,4.4519767,4.4509163,4.4498157,4.448787,4.447549,4.4464823,4.445403,4.4443235,4.4434424,4.4426491,4.4419063,4.4412171,4.4405855,4.4399808,4.4394196,4.4388729,4.4383312,4.4378287,4.4373314,4.4368264,4.4363433,4.4358374,4.4353361,4.4349805,4.4346795,4.4344146,4.434181,4.433955,4.4337526,4.4335632,4.4333836,4.4332054,4.4330359,4.4328683,4.4327058,4.4325472,4.4323921,4.4322404,4.4320916,4.4319447,4.4317933,4.4316465
"29",4.4906373,4.4907911,4.4908152,4.4908143,4.4907975,4.4907737,4.4907471,4.4907193,4.4906911,4.4906629,4.4906351,4.4906077,4.4905809,4.4905548,4.4905294,4.4905049,4.4904812,4.4904583,4.4904364,4.4904154,4.4903952,4.4903759,4.4903576,4.4903401,4.4903235,4.4903078,4.4902921,4.4902764,4.4902607,4.4902449,4.4902291,4.4902131,4.490197,4.4901808,4.4901643,4.4901477,4.4901309,4.4901138,4.4900964,4.4900788,4.4900609,4.4900428,4.4900244,4.4900058,4.4899871,4.4899683,4.4899496,4.4899315,4.489915,4.4899042
"30",4.6284786,4.6249447,4.6199811,4.6164008,4.6133573,4.6104453,4.6082707,4.6067458,4.6054242,4.6043203,4.6033275,4.602411,4.601534,4.6007071,4.5998615,4.5990224,4.5981489,4.5971927,4.5962076,4.595169,4.5941289,4.5930926,4.5920055,4.5909357,4.5898806,4.5888539,4.5878057,4.5867829,4.585811,4.5848788,4.5840141,4.5831889,4.5823709,4.5815825,4.5808127,4.5800202,4.5792313,4.578437,4.5774102,4.5763956,4.5752808,4.5743217,4.5734225,4.5725068,4.5714838,4.5703407,4.5693398,4.5686159,4.5681293,4.5678108
"31",4.835888,4.8323134,4.8294498,4.8254785,4.8207022,4.8149083,4.807636,4.8013137,4.7971067,4.7940515,4.7915217,4.7894848,4.7877079,4.7861238,4.7847048,4.783376,4.7821569,4.7809888,4.7799284,4.7788952,4.77795,4.7770353,4.7762177,4.7754261,4.7746723,4.7739652,4.7732934,4.7726198,4.7719741,4.7713123,4.7707054,4.770135,4.7695614,4.7688587,4.7683352,4.7678807,4.7673963,4.767056,4.766755,4.7664689,4.7662135,4.7659983,4.7657957,4.7656001,4.7654086,4.7652194,4.7650308,4.7648422,4.7646532,4.7644686
"32",4.8736004,4.8734718,4.8732854,4.873099,4.8729346,4.8727907,4.8726578,4.872539,4.8724302,4.8723278,4.8722307,4.8721376,4.8720474,4.87196,4.8718752,4.8717927,4.871712,4.871632,4.8715532,4.8714758,4.8713997,4.8713249,4.8712512,4.8711787,4.8711072,4.8710366,4.8709656,4.8708939,4.8708209,4.8707458,4.8706672,4.8705814,4.8704755,4.8703821,4.8703124,4.8702522,4.8701984,4.8701491,4.8701033,4.8700601,4.8700187,4.8699784,4.869939,4.8699004,4.8698627,4.8698258,4.8697898,4.8697553,4.8697238,4.8697016
"33",4.8938269,4.8943093,4.8945052,4.8945979,4.8946539,4.8946981,4.8947318,4.8947568,4.8947751,4.8947883,4.8947975,4.8948036,4.8948072,4.8948088,4.8948089,4.8948077,4.8948055,4.8948025,4.8947989,4.8947949,4.8947905,4.8947858,4.8947811,4.8947763,4.8947715,4.8947668,4.8947624,4.8947584,4.8947546,4.8947512,4.894748,4.894745,4.8947422,4.8947396,4.8947371,4.8947347,4.8947324,4.8947301,4.8947278,4.8947257,4.8947236,4.8947215,4.8947195,4.8947176,4.8947158,4.8947143,4.8947132,4.8947129,4.8947144,4.8947216
"34",4.9048073,4.9046888,4.9045316,4.9043776,4.9042383,4.9041245,4.9040294,4.9039446,4.9038706,4.9038032,4.90374,4.9036802,4.9036234,4.9035692,4.9035176,4.9034683,4.9034213,4.9033765,4.9033338,4.9032932,4.9032545,4.9032177,4.9031828,4.9031497,4.9031183,4.9030886,4.9030594,4.9030308,4.9030026,4.9029749,4.9029476,4.9029206,4.9028938,4.9028673,4.9028409,4.9028144,4.902788,4.9027613,4.9027345,4.9027073,4.9026798,4.902652,4.9026237,4.9025951,4.9025659,4.9025362,4.902506,4.9024757,4.902446,4.9024213
"35",4.9401851,4.9379484,4.9340571,4.9314361,4.9295383,4.9278904,4.926381,4.9249138,4.9237327,4.9226179,4.9215888,4.9205388,4.9194537,4.9183416,4.9171722,4.9159458,4.9145766,4.9130817,4.9115099,4.909892,4.9081525,4.9061494,4.904449,4.9028756,4.9013111,4.8998057,4.8983476,4.8969714,4.8957374,4.8947454,4.8939525,4.8932763,4.8926685,4.8920989,4.891552,4.8910149,4.8903779,4.8898542,4.8893911,4.888849,4.8883691,4.8879657,4.8875621,4.8873779,4.8873207,4.8872881,4.8872657,4.8872495,4.8872432,4.8872599
"36",5.0286491,5.0278585,5.0272327,5.0267241,5.0262873,5.0258975,5.0255411,5.0252098,5.0248985,5.0246036,5.0243228,5.0240541,5.0237962,5.023548,5.0233087,5.023075,5.0228446,5.0226133,5.0223784,5.0221383,5.0218777,5.0216006,5.0213136,5.0210112,5.020695,5.0203629,5.0199946,5.0196243,5.0192324,5.0188104,5.018353,5.0178389,5.0171169,5.0162344,5.0150048,5.0136966,5.0120042,5.0098395,5.0074972,5.0053721,5.0033213,5.0011364,4.99813,4.9940938,4.9894826,4.9839045,4.9797362,4.9770468,4.9756365,4.9748671
"37",5.1640767,5.1613983,5.1588173,5.1571538,5.1559333,5.1548966,5.1540692,5.153366,5.1527442,5.1521799,5.1516577,5.1511447,5.1506762,5.150228,5.1497998,5.1493723,5.1489553,5.1485653,5.1481837,5.1478043,5.1474294,5.147066,5.1466992,5.1463363,5.1459685,5.1455983,5.1452124,5.1448006,5.144363,5.1439058,5.1434137,5.1428751,5.1422149,5.1416228,5.1410221,5.1403991,5.1396887,5.1389985,5.1382911,5.13748,5.1365381,5.1351263,5.1338612,5.1321392,5.1306009,5.129182,5.1279394,5.1268588,5.1258764,5.1251771
"38",5.2801517,5.2791018,5.2784172,5.2779003,5.2774784,5.2771174,5.2767993,5.2765133,5.2762526,5.2760127,5.2757902,5.2755813,5.2753825,5.2751938,5.275014,5.2748422,5.2746774,5.2745189,5.2743661,5.2742179,5.2740739,5.2739335,5.273796,5.273661,5.2735283,5.2733974,5.2732646,5.2731301,5.2729938,5.2728552,5.2727169,5.2725787,5.2724386,5.2722948,5.2721463,5.271992,5.2718303,5.2716591,5.2714752,5.2712735,5.271045,5.2705735,5.2701538,5.2696308,5.268922,5.2682487,5.2676436,5.2669759,5.2662725,5.2658042
"39",5.5240135,5.5191493,5.5141372,5.5108169,5.508281,5.5058949,5.5030825,5.5003717,5.4974833,5.4943623,5.4911369,5.4872833,5.4827939,5.4780267,5.4737179,5.4689655,5.4651188,5.4613531,5.4567281,5.4511175,5.4449611,5.4389125,5.4343734,5.4306868,5.4274002,5.4245707,5.4219451,5.419507,5.4172281,5.4150731,5.4129615,5.4108948,5.4089511,5.406962,5.4043955,5.4018296,5.3991488,5.3958956,5.3929942,5.3903102,5.387754,5.3852069,5.3829842,5.3809759,5.3791567,5.377758,5.3767518,5.3759752,5.3753866,5.374898
"40",5.6979788,5.6947783,5.6929518,5.6916422,5.690608,5.6897458,5.6890023,5.6883463,5.6877581,5.6872245,5.6867362,5.6862792,5.6858477,5.6854382,5.6850466,5.6846696,5.6843041,5.6839465,5.683593,5.6832413,5.6828853,5.6825272,5.6821655,5.6817985,5.6814249,5.6810429,5.6806465,5.6802344,5.6798047,5.6793556,5.6788853,5.6783906,5.6778656,5.6772307,5.6765897,5.6759189,5.6746044,5.6734108,5.6721155,5.6706839,5.6685729,5.6659699,5.663211,5.6610704,5.6593246,5.657862,5.6565491,5.6554249,5.6546057,5.6541488
"41",6.0298473,6.0256438,6.0218432,6.0193395,6.0175462,6.0161731,6.0150613,6.0141173,6.0132918,6.0125555,6.0118881,6.0112742,6.0107015,6.010162,6.0096483,6.0091546,6.0086769,6.0082109,6.0077524,6.0072988,6.0068462,6.0063889,6.0059253,6.0054491,6.0049516,6.0044267,6.0038581,6.0032308,6.0025208,6.0016944,6.0005897,5.9995663,5.9985201,5.9974272,5.996401,5.9954257,5.9944745,5.9935553,5.9926585,5.9917517,5.99068,5.9886892,5.986885,5.9853776,5.9838239,5.9821447,5.9802955,5.9784997,5.9771784,5.9762374
"42",6.3017216,6.2961472,6.2882297,6.2824145,6.277791,6.2734425,6.2692993,6.2653492,6.2613845,6.2572024,6.2529108,6.2482038,6.2438391,6.2395224,6.2348827,6.2302701,6.2257605,6.2217899,6.2184575,6.2156342,6.2129515,6.2103611,6.2078333,6.2052741,6.2026461,6.1999223,6.1970766,6.19401,6.1909686,6.187602,6.1838812,6.1791374,6.1735989,6.1674769,6.1603811,6.1525338,6.1433765,6.1333052,6.1236062,6.1143404,6.1056246,6.0978353,6.0913332,6.0861758,6.0822216,6.0792655,6.0771985,6.0756288,6.0748101,6.0744914
"43",6.4287455,6.4251237,6.4230511,6.4213029,6.4198295,6.4185175,6.4172732,6.416,6.4146867,6.4134499,6.4112664,6.4095642,6.4081198,6.4066304,6.405002,6.4032731,6.4015301,6.3996667,6.3980136,6.396596,6.3954024,6.3943627,6.3934041,6.3925363,6.3916633,6.3909,6.3902078,6.3894774,6.3887935,6.3881303,6.3874709,6.3868713,6.3862868,6.3857264,6.3852273,6.3847425,6.3841303,6.3834095,6.3824756,6.381388,6.3802069,6.3789387,6.3777069,6.376424,6.3751769,6.3740046,6.3728744,6.3718853,6.3711028,6.3704437
"44",6.679185,6.6757124,6.6736649,6.6721778,6.6709352,6.6696114,6.6683595,6.6670828,6.6657432,6.664428,6.6629616,6.6612923,6.6597838,6.6582858,6.6567747,6.6551886,6.6535468,6.6519401,6.6504688,6.6490851,6.6477861,6.6466096,6.6454592,6.6442961,6.6429113,6.641016,6.6388534,6.6355559,6.6322601,6.6292642,6.6264263,6.6237569,6.6214182,6.6193085,6.6174218,6.615717,6.6141381,6.612565,6.6108427,6.6088229,6.6068932,6.6050026,6.6029979,6.6007082,6.598467,6.5962507,6.5942424,6.5924061,6.5909602,6.5898723
"45",7.0340037,7.0263487,7.016096,7.0039152,6.9875224,6.9723197,6.9605736,6.9527713,6.9468602,6.9412917,6.9348672,6.9281426,6.9206305,6.91245,6.9028658,6.8912583,6.8785722,6.868468,6.8601726,6.853215,6.8473007,6.8422599,6.8379977,6.8344299,6.831345,6.8287392,6.8265034,6.8245412,6.8227864,6.8211882,6.819719,6.8183491,6.8170833,6.8159215,6.8148153,6.8137834,6.8125757,6.8115562,6.8106694,6.8099518,6.809258,6.8086296,6.808108,6.8076574,6.8072732,6.8069909,6.8067434,6.8065466,6.8063762,6.8062703
"46",7.3572031,7.3463772,7.3239413,7.2963264,7.2709831,7.2537632,7.2412608,7.2303635,7.220729,7.2117393,7.2033095,7.1946947,7.1864448,7.1786115,7.1708432,7.1619499,7.1513008,7.1312136,7.1164321,7.106447,7.0991674,7.0932932,7.0880077,7.0835639,7.0796218,7.0760201,7.0727884,7.0697925,7.0672094,7.0650195,7.0630819,7.0612031,7.0594248,7.0576469,7.0560569,7.0545076,7.0531457,7.0518429,7.0507776,7.0496889,7.0485678,7.047612,7.0465643,7.0455735,7.0444655,7.0434231,7.042352,7.0413326,7.0404382,7.0396676
"47",8.040676,8.0274922,7.9564714,7.9090877,7.8694663,7.8376773,7.8112509,7.7888743,7.7700054,7.7524405,7.7336695,7.7138122,7.6880083,7.6592956,7.6168337,7.5586388,7.5025645,7.455709,7.411999,7.3680524,7.3227588,7.2789549,7.2442265,7.2229955,7.2092399,7.1998013,7.1929399,7.1876856,7.1834866,7.1800204,7.177092,7.1745809,7.1724418,7.1706479,7.1690902,7.1676198,7.1663697,7.1652677,7.1641915,7.1633283,7.1625942,7.1619294,7.1613029,7.1608294,7.1604106,7.1600086,7.1597448,7.159627,7.1596105,7.159635
"48",8.0418961,8.0327862,8.0108927,7.9966676,7.9862114,7.9765239,7.9678094,7.9602202,7.9526716,7.9447083,7.9352297,7.9223843,7.9064945,7.8884876,7.8688256,7.8439675,7.8163825,7.7886862,7.7618207,7.7342119,7.7049946,7.6744701,7.6430758,7.6118333,7.5838895,7.5603996,7.5377416,7.5140721,7.4906439,7.4690394,7.4490587,7.4302149,7.4120421,7.394195,7.3763025,7.3584438,7.3405728,7.3234137,7.3067848,7.2905768,7.2748663,7.2597094,7.2451697,7.2316916,7.2200088,7.2121321,7.2075261,7.2050795,7.2040029,7.2031538
"49",9.0562052,9.0294427,8.7663816,8.6393279,8.5547475,8.4890629,8.4195982,8.3485871,8.3112381,8.2898219,8.2738106,8.2596115,8.2451749,8.2294402,8.2115926,8.1908965,8.1679983,8.1415325,8.1128335,8.0798066,8.0405783,7.9931424,7.9364176,7.8746485,7.8175341,7.7711128,7.7317302,7.6970955,7.6656044,7.6361311,7.6079092,7.5804416,7.5534356,7.5267622,7.5004379,7.474616,7.4495695,7.4256489,7.4038577,7.3849597,7.368991,7.3559956,7.345774,7.3380236,7.3324337,7.3286861,7.3262993,7.3246785,7.3234716,7.3229224
"50",9.0662007,9.0583048,9.0464337,9.0360293,9.0225666,8.9999183,8.9597198,8.8913133,8.837108,8.7979221,8.7685002,8.7462064,8.7274215,8.7104331,8.6932651,8.6748633,8.6535501,8.6269418,8.5949957,8.5580753,8.5197772,8.4789643,8.4312018,8.3735956,8.301648,8.2126756,8.1094398,7.9975663,7.8974993,7.8093932,7.7285376,7.6588623,7.6096556,7.5719005,7.5411057,7.5149796,7.4923751,7.4727239,7.4557329,7.4413154,7.4297002,7.4206279,7.4137764,7.4088068,7.4053543,7.4031075,7.4016006,7.4002796,7.3994057,7.3990037
"51",9.0537239,9.0480599,9.039828,9.0316513,9.0241284,9.0173444,9.0108502,9.004813,8.9991518,8.9941511,8.9886385,8.981265,8.9741548,8.9662452,8.9571287,8.946766,8.9326946,8.9154993,8.8987755,8.8842199,8.8681729,8.848898,8.8241827,8.7881378,8.7464522,8.696814,8.6352919,8.5613499,8.4731348,8.3670004,8.2402123,8.1316686,8.034117,7.9459811,7.8660648,7.7933197,7.7269005,7.6665991,7.6128612,7.5669791,7.5308495,7.506526,7.4902644,7.4794776,7.4726222,7.46851,7.4661597,7.4647034,7.4636779,7.4631608
"52",9.3007582,9.2868147,9.2157705,9.1816477,9.1581299,9.1407626,9.1292775,9.1215745,9.1159163,9.1114436,9.107716,9.1045029,9.1016736,9.0991448,9.0968527,9.0947421,9.0927614,9.090875,9.0890414,9.0872205,9.0853637,9.0834244,9.0813404,9.079024,9.0763534,9.0731241,9.0689387,9.0620246,9.0497654,9.0326893,8.9947486,8.8952527,8.7073661,8.5183791,8.3380972,8.1607936,8.0154258,7.9068352,7.8222793,7.7550789,7.7015269,7.6592798,7.6265948,7.6026485,7.5864395,7.5763383,7.5704807,7.5675113,7.5660593,7.565079
"53",9.2523265,9.2463,9.2283952,9.2125874,9.1998391,9.1893298,9.1803303,9.17279,9.1665562,9.1608384,9.1559717,9.1514369,9.1470333,9.1428683,9.138989,9.1352768,9.1315828,9.128,9.1243899,9.1209851,9.1174732,9.1140081,9.1104059,9.1066042,9.1026547,9.0982884,9.0932336,9.0872416,9.0792976,9.0682708,9.0545363,9.0370933,9.0140736,8.9838887,8.946742,8.9047178,8.8588861,8.8119531,8.760408,8.7124283,8.6752289,8.6481561,8.6264405,8.6092304,8.5948034,8.5831152,8.5737508,8.5662915,8.560707,8.5567177
"54",9.466316,9.4603131,9.4569286,9.4544979,9.4521469,9.4501414,9.4482841,9.4465219,9.4448928,9.4432343,9.4415206,9.4397075,9.4377643,9.4356895,9.4334259,9.4308335,9.4276239,9.4237759,9.4188357,9.4126288,9.4064323,9.3986283,9.3887311,9.3774358,9.3634292,9.3468874,9.3282811,9.3086726,9.2882931,9.2690067,9.25144,9.2359906,9.2225283,9.2107411,9.2002728,9.1908812,9.1824239,9.1748442,9.1681107,9.1622201,9.1573451,9.1534042,9.1502584,9.1477534,9.1456876,9.1441024,9.1429745,9.1420582,9.1412711,9.1407809
"55",10.205033,10.194822,10.157773,10.127123,10.098563,10.069309,10.038263,10.009841,9.98367,9.95807,9.9366836,9.9195492,9.9041415,9.8896535,9.8756896,9.8618206,9.8476346,9.8326679,9.8146719,9.7951204,9.7739965,9.7490099,9.7178517,9.676735,9.6250044,9.5720078,9.5180686,9.4708617,9.4300226,9.394527,9.3635813,9.3365728,9.3130115,9.2924865,9.2746381,9.2595945,9.2472558,9.2372921,9.2293541,9.2231264,9.2182939,9.2145898,9.211787,9.2096747,9.2080659,9.2067411,9.2055816,9.2047622,9.2043067,9.2040795
"56",11.059075,11.050062,11.0447,11.036477,11.02142,11.00609,10.984056,10.935456,10.824228,10.564521,10.376126,10.239787,10.14259,10.071616,10.01631,9.9705152,9.930436,9.8936189,9.8584149,9.8236913,9.7886808,9.7529107,9.7161739,9.6785166,9.6402208,9.6017642,9.5637531,9.5268367,9.4916221,9.4586102,9.4281605,9.4004852,9.3756643,9.3536707,9.3343986,9.3176893,9.3033531,9.291184,9.2809871,9.2727072,9.2662126,9.2612559,9.257638,9.2551192,9.2533691,9.2520662,9.2509748,9.2499969,9.2495566,9.2494721
"57",11.379564,11.370436,11.351523,11.339418,11.329996,11.321458,11.312581,11.303352,11.292824,11.271752,11.211373,11.109783,11.03865,10.970665,10.890591,10.76876,10.558275,10.341864,10.128135,9.9844093,9.8890379,9.8196031,9.7644765,9.7175129,9.6754822,9.6367226,9.6004268,9.566255,9.5341164,9.5040414,9.476105,9.4503822,9.426924,9.4057458,9.3868247,9.3701024,9.3554903,9.3428773,9.3321377,9.3231386,9.3157426,9.3098148,9.3052969,9.3020426,9.299812,9.2983533,9.2973044,9.2962741,9.2955782,9.2953031
"58",12.541905,12.517281,12.367662,12.286853,12.233755,12.19003,12.149207,12.109539,12.068405,12.020386,11.955711,11.859927,11.730434,11.581937,11.336019,11.060235,10.822509,10.633187,10.457187,10.296595,10.156461,10.038059,9.9394979,9.8575537,9.7889017,9.7306684,9.6805767,9.63691,9.5984137,9.5641897,9.5336024,9.5062027,9.4816693,9.4597649,9.4403049,9.4231366,9.4081242,9.3951401,9.3840585,9.3747508,9.3670829,9.360913,9.3561053,9.3525674,9.3501499,9.3485987,9.3475764,9.3466185,9.3460143,9.3459265
"59",12.181015,12.171363,12.161265,12.149514,12.135862,12.117526,12.100568,12.085035,12.074045,12.065862,12.058468,12.050086,12.04132,12.030912,12.013332,11.965135,11.874654,11.783428,11.682029,11.537302,11.429289,11.344191,11.262103,11.175369,11.079686,10.94386,10.819877,10.748193,10.686576,10.623553,10.551287,10.45953,10.338733,10.206819,10.086028,9.9764978,9.8752422,9.7805587,9.6925048,9.6125051,9.5434704,9.4889232,9.4521185,9.4307917,9.4182524,9.4109612,9.4068173,9.4043478,9.4033106,9.4028799
"60",12.168164,12.162443,12.159091,12.155628,12.151719,12.146873,12.139762,12.128625,12.111772,12.08228,12.039643,11.992561,11.96488,11.944385,11.925812,11.907186,11.887616,11.865599,11.842247,11.828031,11.815168,11.801738,11.787765,11.77226,11.754095,11.73193,11.703104,11.665301,11.61697,11.552,11.463835,11.346261,11.190402,10.988942,10.751394,10.526551,10.343652,10.184041,10.042749,9.9195922,9.8154548,9.7306122,9.6641514,9.6141121,9.5779267,9.5535988,9.5395121,9.5326381,9.5300284,9.5287523
"61",12.311184,12.304697,12.301097,12.29852,12.296479,12.294774,12.293298,12.291993,12.290819,12.289751,12.288701,12.28768,12.286664,12.28564,12.284592,12.283502,12.282347,12.281087,12.279679,12.278066,12.275624,12.272734,12.269456,12.265683,12.260731,12.254409,12.24763,12.237195,12.224441,12.206903,12.184014,12.147978,12.0842,11.993188,11.879518,11.713387,11.489008,11.143192,10.743004,10.372863,10.127529,9.9712728,9.8684237,9.7994636,9.7533797,9.7237418,9.7067339,9.6985896,9.6956293,9.6944461
"62",12.776217,12.770127,12.766548,12.763962,12.761927,12.760246,12.758825,12.757473,12.756157,12.754828,12.753439,12.751947,12.750302,12.74812,12.745337,12.74168,12.738323,12.734322,12.728993,12.722564,12.715332,12.705238,12.694396,12.681914,12.66612,12.649205,12.62998,12.603884,12.567416,12.520521,12.458841,12.40026,12.328827,12.224687,12.056755,11.784985,11.499281,11.215634,10.942481,10.691338,10.474102,10.297233,10.160486,10.059354,9.987797,9.9398068,9.9105342,9.8957347,9.8899919,9.8885735
"63",13.556663,13.545867,13.536434,13.526132,13.514607,13.500616,13.483531,13.459074,13.417975,13.377583,13.331408,13.281287,13.224152,13.162446,13.117118,13.087716,13.064955,13.045707,13.028617,13.013373,12.999817,12.98932,12.981041,12.972168,12.961938,12.949563,12.933621,12.912789,12.884398,12.842953,12.783691,12.68854,12.554216,12.362817,12.102036,11.798973,11.525916,11.274654,11.044519,10.83785,10.657608,10.505754,10.382597,10.286857,10.216041,10.16687,10.136194,10.120462,10.114434,10.113055
"64",14.036376,14.027855,14.017166,14.011152,14.00713,14.003999,14.001386,13.998926,13.996466,13.993492,13.988726,13.984253,13.979489,13.972838,13.962869,13.949082,13.926015,13.888455,13.847911,13.802281,13.747158,13.680927,13.603636,13.500059,13.399782,13.298967,13.18941,13.066739,12.930016,12.79157,12.649497,12.511857,12.362416,12.192647,12.001063,11.79255,11.576373,11.363132,11.162109,10.980002,10.820848,10.686489,10.577095,10.491584,10.427937,10.383452,10.35504,10.340302,10.334881,10.333528
"65",14.608767,14.598182,14.586516,14.575632,14.564945,14.554909,14.544399,14.531948,14.519264,14.504369,14.486838,14.46995,14.457404,14.447488,14.438054,14.428342,14.417134,14.404512,14.390466,14.374193,14.352485,14.320639,14.275655,14.217678,14.148059,14.061444,13.958206,13.830994,13.660698,13.42518,13.135001,12.792433,12.454157,12.199856,11.984489,11.787108,11.599592,11.420939,11.253552,11.100849,10.965874,10.850631,10.755896,10.681292,10.625486,10.586414,10.561485,10.548161,10.543203,10.541983
"66",16.134458,16.110442,16.026784,15.954587,15.872559,15.789417,15.70644,15.610222,15.472305,15.342022,15.21703,15.09804,14.989857,14.886493,14.793713,14.714241,14.65247,14.603729,14.561712,14.522161,14.481915,14.438334,14.388916,14.330969,14.261254,14.175557,14.068271,13.932214,13.759284,13.542849,13.282612,12.990099,12.688139,12.399893,12.138286,11.906171,11.701385,11.520698,11.361601,11.222657,11.103195,11.002825,10.92103,10.856913,10.809098,10.775736,10.754564,10.742995,10.738493,10.737404
"67",16.836507,16.830627,16.827,16.823054,16.816871,16.806017,16.790383,16.765922,16.707426,16.563042,16.387784,16.190482,15.98021,15.765943,15.549459,15.332083,15.120708,14.928254,14.775097,14.657022,14.558353,14.468857,14.381211,14.289677,14.189326,14.075646,13.944473,13.792258,13.616663,13.417411,13.197072,12.961312,12.718176,12.476522,12.244311,12.027506,11.82984,11.653189,11.498141,11.364493,11.251569,11.158367,11.083614,11.025769,10.983027,10.953345,10.934483,10.924062,10.919813,10.918731
"68",17.576685,17.563854,17.524897,17.488148,17.450386,17.410107,17.363787,17.304254,17.217324,17.072334,16.817382,16.522777,16.219405,15.967935,15.740478,15.527117,15.326498,15.140285,14.969718,14.814215,14.671406,14.537763,14.409231,14.281653,14.151011,14.013593,13.866188,13.706356,13.532748,13.345439,13.146119,12.938065,12.725803,12.514535,12.309466,12.115219,11.935467,11.772798,11.628752,11.503967,11.398346,11.311209,11.241429,11.187527,11.147753,11.120151,11.102614,11.092924,11.089055,11.087993
"69",18.09311,18.084207,18.062734,18.045204,18.021594,17.99017,17.962531,17.936688,17.900425,17.821302,17.683203,17.506578,17.199674,16.781776,16.268984,15.859767,15.556525,15.315721,15.112244,14.931574,14.765162,14.607562,14.454863,14.303912,14.151992,13.996747,13.836231,13.669048,13.494521,13.312843,13.12518,12.933644,12.741135,12.55107,12.367026,12.192398,12.030116,11.882461,11.750985,11.636521,11.539237,11.458731,11.394123,11.344154,11.307264,11.281672,11.265432,11.256487,11.252901,11.251878
"70",17.798412,17.789798,17.772041,17.762225,17.75387,17.743526,17.729511,17.711081,17.684065,17.639743,17.567676,17.455057,17.310762,17.119052,16.886425,16.611703,16.298056,15.955229,15.673318,15.460136,15.277845,15.108774,14.944844,14.781005,14.614164,14.44242,14.264082,14.078085,13.883122,13.678787,13.464346,13.240012,13.004294,12.756387,12.50463,12.308136,12.137128,11.986949,11.864097,11.759748,11.671069,11.59754,11.538407,11.492583,11.458695,11.435149,11.420186,11.411928,11.40864,11.407643
"71",17.112684,17.105201,17.095324,17.088177,17.081552,17.074137,17.064477,17.05064,17.033179,17.006101,16.956772,16.890124,16.817513,16.738636,16.64747,16.545155,16.460364,16.38426,16.306744,16.224215,16.134975,16.037914,15.932134,15.816808,15.691084,15.554027,15.404589,15.241631,15.063849,14.869611,14.656936,14.423464,14.166453,13.882951,13.570406,13.228313,12.862231,12.494419,12.204305,12.006053,11.867614,11.768846,11.697586,11.646365,11.610347,11.58612,11.571016,11.562787,11.559609,11.558588
"72",17.370197,17.360619,17.341197,17.330038,17.322096,17.314813,17.307279,17.299387,17.291424,17.283154,17.273691,17.262633,17.247709,17.229411,17.210731,17.175356,17.130775,17.082118,17.015633,16.908721,16.732342,16.471174,16.23059,16.015587,15.817247,15.62719,15.43895,15.247081,15.047055,14.834377,14.605787,14.359503,14.095838,13.817619,13.529426,13.238812,12.956944,12.696263,12.466961,12.274402,12.118927,11.997427,11.905198,11.83725,11.788956,11.756255,11.735882,11.725552,11.721732,11.720598
"73",18.114192,18.101903,18.057763,18.010921,17.957354,17.905556,17.855669,17.807571,17.75944,17.716804,17.681669,17.648549,17.61316,17.576263,17.53643,17.4897,17.431671,17.356971,17.258572,17.128416,16.960347,16.752818,16.506347,16.230528,15.953652,15.705167,15.473212,15.24849,15.023964,14.794721,14.557793,14.312103,14.058517,13.79989,13.540931,13.287743,13.047003,12.824948,12.626438,12.454402,12.30977,12.191786,12.098504,12.027286,11.975218,11.939441,11.91804,11.907278,11.903209,11.90205
"74",18.953035,18.939493,18.847985,18.733597,18.635711,18.555045,18.473228,18.375005,18.240187,18.064013,17.912682,17.812493,17.731957,17.658579,17.58554,17.507861,17.421109,17.320924,17.202955,17.063154,16.898455,16.707814,16.493222,16.259977,16.01546,15.766757,15.518621,15.272914,15.029326,14.786552,14.543348,14.299279,14.055112,13.812922,13.575914,13.348035,13.133443,12.935956,12.758593,12.603301,12.470879,12.361086,12.272863,12.20456,12.154244,12.120713,12.100812,12.090752,12.086815,12.085631
"75",18.375307,18.363037,18.339389,18.324007,18.310003,18.294653,18.279372,18.265979,18.234758,18.189617,18.138615,18.091826,18.049563,18.012155,17.974385,17.931439,17.878414,17.803538,17.703501,17.581747,17.420139,17.256581,17.083011,16.894863,16.687513,16.459973,16.216793,15.974832,15.73124,15.479477,15.218767,14.950423,14.675672,14.396141,14.114601,13.834966,13.562822,13.304009,13.065132,12.853399,12.677043,12.545108,12.448643,12.378251,12.329843,12.298916,12.280881,12.271773,12.268341,12.267189
"76",18.667356,18.654415,18.618266,18.603364,18.594338,18.587612,18.581206,18.574671,18.566193,18.557756,18.549125,18.539987,18.528894,18.515394,18.497063,18.474876,18.450851,18.421374,18.38157,18.318168,18.212659,18.072926,17.94642,17.807711,17.632468,17.391232,17.045774,16.593988,16.22443,15.912864,15.623617,15.338458,15.049424,14.75473,14.456473,14.159458,13.870416,13.597074,13.347182,13.127499,12.942396,12.792841,12.676548,12.590248,12.531143,12.493937,12.47316,12.463242,12.4596,12.458313
"77",19.186259,19.177369,19.148632,19.12345,19.102616,19.084268,19.066153,19.046631,19.029071,19.01412,18.998815,18.98106,18.960906,18.933936,18.895177,18.839997,18.767864,18.700744,18.629348,18.54206,18.431825,18.2965,18.134336,17.94035,17.706985,17.427477,17.102838,16.747747,16.384483,16.030782,15.694072,15.37401,15.067232,14.770795,14.483815,14.207758,13.945907,13.702368,13.480835,13.284125,13.11541,12.975993,12.867874,12.789449,12.735714,12.701582,12.681684,12.671757,12.667897,12.666593
"78",19.244826,19.240593,19.237405,19.235052,19.233184,19.231553,19.230091,19.228758,19.227451,19.226131,19.224698,19.223053,19.220442,19.216605,19.211213,19.202041,19.182538,19.135522,19.039837,18.97492,18.9102,18.828984,18.716538,18.556673,18.310586,17.966876,17.539202,17.0715,16.592256,16.156081,15.774597,15.435291,15.121757,14.825235,14.544075,14.27871,14.030051,13.800268,13.594155,13.415298,13.26574,13.145327,13.052599,12.984479,12.936865,12.905941,12.887641,12.878167,12.874391,12.873119
"79",19.491326,19.487106,19.484,19.481094,19.477769,19.47417,19.469856,19.463698,19.455085,19.44607,19.436517,19.425253,19.411015,19.395197,19.375316,19.349727,19.326286,19.306813,19.285652,19.258679,19.221486,19.167112,19.082517,18.942606,18.701109,18.38166,18.002111,17.570893,17.100861,16.611428,16.128904,15.678446,15.279671,14.937405,14.634948,14.361753,14.115438,13.897222,13.708275,13.548755,13.417697,13.313186,13.232527,13.172962,13.131235,13.103723,13.087343,13.07885,13.075471,13.07422
"80",19.750524,19.742735,19.729161,19.722319,19.717561,19.713472,19.709889,19.706339,19.702576,19.698411,19.693184,19.686957,19.678734,19.667339,19.648061,19.619892,19.581046,19.533852,19.475094,19.417093,19.35235,19.267547,19.141433,18.944605,18.678959,18.361963,18.002773,17.642229,17.264707,16.873686,16.47981,16.093968,15.723849,15.37348,15.04641,14.746705,14.475558,14.233737,14.021638,13.839063,13.685511,13.560489,13.462176,13.388521,13.337499,13.304523,13.285123,13.275292,13.271485,13.26999
"81",18.734624,18.724653,18.704796,18.693445,18.684136,18.673906,18.661784,18.645802,18.622431,18.593071,18.555939,18.50355,18.444645,18.377527,18.285841,18.153022,18.065216,17.992954,17.927482,17.865661,17.80521,17.745616,17.686615,17.627134,17.566707,17.505187,17.443146,17.380353,17.316539,17.251923,17.186314,17.120635,17.055544,16.991031,16.926838,16.863475,16.8006,16.738767,16.678418,16.620251,16.564816,16.512547,16.463698,16.418784,16.378663,16.343935,16.315418,16.293794,16.279601,16.273251
"82",17.901013,17.897334,17.894166,17.891024,17.888001,17.884672,17.881199,17.876826,17.871252,17.863054,17.851163,17.837708,17.826095,17.814606,17.802831,17.791242,17.779432,17.768261,17.757844,17.748231,17.73933,17.731197,17.723722,17.716724,17.710138,17.703915,17.698062,17.692528,17.687325,17.682468,17.677868,17.673633,17.669718,17.666048,17.662697,17.659686,17.657017,17.654686,17.652693,17.65099,17.649596,17.648577,17.647879,17.647342,17.646912,17.646551,17.646227,17.645918,17.645624,17.645357
"83",17.997424,17.992841,17.989241,17.984809,17.980785,17.977113,17.974074,17.971324,17.968654,17.966011,17.963144,17.960099,17.956786,17.952909,17.948666,17.943907,17.938256,17.932103,17.925478,17.918042,17.909996,17.90201,17.895173,17.889738,17.884969,17.880185,17.875011,17.870097,17.865235,17.860623,17.856962,17.853739,17.850678,17.847435,17.844402,17.84162,17.839011,17.836516,17.834132,17.83185,17.829682,17.827617,17.825792,17.824196,17.822827,17.821706,17.82085,17.820247,17.819903,17.819704
"84",18.349827,18.345141,18.342436,18.340046,18.337953,18.335849,18.333625,18.331315,18.32871,18.325799,18.322517,18.318451,18.313774,18.308705,18.30346,18.298118,18.292741,18.286755,18.280435,18.273763,18.267154,18.25989,18.251559,18.242033,18.231058,18.219065,18.20685,18.192985,18.176742,18.157872,18.137301,18.114583,18.087396,18.054344,18.025198,17.998159,17.972959,17.949462,17.928501,17.91193,17.900929,17.893385,17.888194,17.884619,17.882203,17.880551,17.879629,17.879102,17.878689,17.878532
"85",18.465522,18.464615,18.464007,18.463526,18.463114,18.462746,18.462408,18.462092,18.461792,18.461504,18.461221,18.460928,18.460625,18.460312,18.459985,18.459638,18.45926,18.458828,18.458318,18.457655,18.455399,18.453465,18.450891,18.445066,18.4228,18.396373,18.376919,18.361687,18.348525,18.336082,18.323315,18.310372,18.296794,18.282071,18.26591,18.247929,18.225907,18.201006,18.178635,18.159519,18.142489,18.12827,18.11645,18.106699,18.098279,18.090658,18.083603,18.077055,18.071397,18.067853
"86",18.392734,18.392024,18.391495,18.390978,18.390462,18.389978,18.389497,18.389014,18.388511,18.387985,18.387446,18.386883,18.386311,18.385745,18.385168,18.384531,18.383893,18.383192,18.382482,18.381693,18.380852,18.379911,18.379038,18.378122,18.377133,18.376124,18.375331,18.374686,18.374161,18.373722,18.373323,18.37298,18.372652,18.372408,18.372201,18.372048,18.371927,18.37182,18.37172,18.371625,18.371534,18.371445,18.371358,18.37127,18.371183,18.371096,18.37101,18.370923,18.370836,18.370756
"87",18.46873,18.468744,18.468657,18.468565,18.468478,18.468395,18.468317,18.468242,18.468171,18.468104,18.468039,18.467977,18.467917,18.46786,18.467806,18.467754,18.467704,18.467656,18.467609,18.467565,18.467522,18.46748,18.46744,18.467401,18.467364,18.467327,18.46729,18.467252,18.467212,18.467171,18.467129,18.467086,18.467041,18.466995,18.466947,18.466896,18.466844,18.466789,18.46673,18.466662,18.466585,18.466507,18.466432,18.466356,18.466279,18.466208,18.466141,18.46608,18.466021,18.465966
"88",18.477302,18.478866,18.479471,18.479814,18.480039,18.480199,18.480316,18.480404,18.480471,18.480523,18.480562,18.480591,18.480614,18.48063,18.480641,18.480648,18.480652,18.480654,18.480652,18.480648,18.480639,18.480612,18.480542,18.480462,18.480373,18.480274,18.480175,18.48009,18.480009,18.479956,18.479918,18.479886,18.479857,18.479831,18.479808,18.479788,18.47977,18.479754,18.47974,18.479727,18.479716,18.479706,18.479696,18.479687,18.479678,18.47967,18.479662,18.479656,18.479653,18.479658
"89",18.567293,18.566396,18.565833,18.565411,18.565069,18.564777,18.564519,18.564288,18.564077,18.563882,18.563701,18.563526,18.563356,18.563191,18.563029,18.562869,18.56271,18.56255,18.562388,18.562223,18.562054,18.561878,18.561693,18.561499,18.561291,18.561068,18.560822,18.560541,18.559856,18.559297,18.558731,18.558088,18.557261,18.556252,18.555321,18.55443,18.553531,18.552562,18.551242,18.550049,18.549139,18.54834,18.547535,18.546583,18.545534,18.544573,18.543602,18.542647,18.541876,18.541417
"90",18.624193,18.623335,18.622634,18.622113,18.621708,18.621365,18.621075,18.620816,18.620584,18.620373,18.620177,18.619992,18.619819,18.619655,18.6195,18.619353,18.619213,18.619078,18.618949,18.61882,18.618694,18.61857,18.618448,18.618326,18.618205,18.618084,18.617959,18.617831,18.617698,18.617558,18.617413,18.617262,18.6171,18.61693,18.616745,18.616544,18.616325,18.616072,18.615798,18.61539,18.614937,18.614336,18.613564,18.612706,18.612039,18.611396,18.611001,18.61072,18.610514,18.610413
"91",18.716587,18.715985,18.715514,18.715108,18.714767,18.714487,18.714251,18.714043,18.713856,18.713683,18.713521,18.713373,18.713235,18.713107,18.712988,18.712876,18.712771,18.712671,18.712578,18.712489,18.712405,18.712325,18.712249,18.712178,18.71211,18.712046,18.711984,18.711923,18.711863,18.711804,18.711746,18.71169,18.711633,18.711577,18.711522,18.711466,18.711411,18.711355,18.7113,18.711245,18.71119,18.711135,18.71108,18.711026,18.710972,18.710918,18.710865,18.710813,18.710763,18.710718
"92",18.81914,18.818537,18.81801,18.817448,18.816842,18.815941,18.814941,18.813681,18.812198,18.810766,18.809306,18.807725,18.805899,18.80375,18.801281,18.798576,18.795917,18.7935,18.791197,18.788982,18.786828,18.784785,18.782762,18.780694,18.778107,18.775811,18.773549,18.771304,18.769239,18.767445,18.765902,18.764549,18.763504,18.762673,18.761925,18.761385,18.760977,18.760642,18.76031,18.760075,18.759907,18.7598,18.75975,18.759717,18.759689,18.759666,18.759644,18.759627,18.759615,18.759617
"93",18.835006,18.835314,18.835379,18.835388,18.835374,18.835347,18.835313,18.835274,18.835231,18.835187,18.83514,18.835093,18.835045,18.834996,18.834947,18.834898,18.834849,18.8348,18.834752,18.834703,18.834654,18.834606,18.834557,18.834506,18.834452,18.834394,18.834329,18.834256,18.83417,18.834005,18.833759,18.833289,18.832361,18.831102,18.829901,18.828938,18.828146,18.827372,18.826455,18.825455,18.824352,18.823239,18.822285,18.821425,18.820648,18.82001,18.819466,18.81902,18.818657,18.818315
"94",18.808289,18.811662,18.813194,18.814159,18.814849,18.815376,18.815795,18.816138,18.816426,18.81667,18.81688,18.817063,18.817224,18.817367,18.817494,18.817607,18.81771,18.817802,18.817886,18.817962,18.818031,18.818094,18.818151,18.818203,18.81825,18.818292,18.818333,18.818374,18.818415,18.818456,18.818497,18.81854,18.818582,18.818625,18.818669,18.818714,18.81876,18.818806,18.818854,18.818902,18.818952,18.819004,18.819056,18.81911,18.819167,18.819225,18.819287,18.819353,18.819426,18.819519
"95",18.768568,18.770975,18.771991,18.772606,18.773033,18.773351,18.773597,18.773794,18.773954,18.774086,18.774197,18.774291,18.77437,18.774439,18.774497,18.774547,18.774588,18.774617,18.774636,18.774639,18.774608,18.774549,18.774495,18.774442,18.77439,18.77434,18.774292,18.77425,18.774216,18.774191,18.774173,18.774159,18.774149,18.774141,18.774135,18.774131,18.77413,18.77413,18.774134,18.77414,18.774149,18.77416,18.774173,18.774189,18.774207,18.774228,18.774251,18.774279,18.774315,18.774375
"96",18.797249,18.797625,18.797697,18.797704,18.797686,18.797655,18.797615,18.79757,18.797523,18.797474,18.797423,18.797373,18.797322,18.797272,18.797223,18.797174,18.797127,18.797081,18.797035,18.79699,18.796946,18.796903,18.79686,18.796817,18.796775,18.796732,18.796688,18.796642,18.796595,18.796546,18.796496,18.796443,18.796389,18.796332,18.796272,18.79621,18.796144,18.796075,18.796002,18.795924,18.795822,18.795722,18.79562,18.79552,18.795412,18.795216,18.795064,18.794949,18.794855,18.7948
"97",18.814302,18.81471,18.81481,18.814841,18.814843,18.81483,18.814807,18.814778,18.814744,18.814708,18.81467,18.814632,18.814592,18.814553,18.814514,18.814475,18.814437,18.814399,18.814361,18.814324,18.814286,18.814249,18.814211,18.814173,18.814135,18.814096,18.814056,18.814015,18.813972,18.813927,18.81388,18.81383,18.813778,18.813724,18.813665,18.813602,18.813532,18.813423,18.813312,18.813204,18.813097,18.812996,18.812908,18.812824,18.81274,18.812658,18.81258,18.812516,18.81247,18.812439
"98",18.818501,18.820528,18.821507,18.822147,18.822618,18.822986,18.823287,18.823538,18.823753,18.823939,18.824103,18.824247,18.824377,18.824493,18.824598,18.824694,18.824781,18.824861,18.824935,18.825002,18.825064,18.825122,18.825175,18.825224,18.82527,18.825312,18.825354,18.825397,18.82544,18.825483,18.825526,18.82557,18.825614,18.825659,18.825704,18.825749,18.825795,18.825842,18.82589,18.825939,18.825988,18.826039,18.826091,18.826144,18.826199,18.826257,18.826318,18.826382,18.826454,18.826541
"99",18.691829,18.69443,18.695731,18.696603,18.697258,18.697781,18.698216,18.698587,18.698909,18.699194,18.699447,18.699675,18.699881,18.700069,18.700242,18.7004,18.700546,18.700682,18.700807,18.700924,18.701032,18.701133,18.701227,18.701315,18.701397,18.701473,18.70155,18.701628,18.701706,18.701786,18.701866,18.701948,18.70203,18.702114,18.702199,18.702285,18.702372,18.702462,18.702552,18.702645,18.702739,18.702836,18.702935,18.703037,18.703142,18.703251,18.703365,18.703485,18.703614,18.703761
"100",18.523684,18.52679,18.528339,18.529373,18.530149,18.530766,18.531277,18.531711,18.532087,18.532418,18.532712,18.532975,18.533214,18.53343,18.533628,18.53381,18.533977,18.534131,18.534274,18.534406,18.534529,18.534644,18.53475,18.534849,18.534942,18.535028,18.535114,18.535202,18.53529,18.535379,18.53547,18.535561,18.535653,18.535747,18.535842,18.535938,18.536036,18.536135,18.536236,18.536339,18.536444,18.536551,18.53666,18.536773,18.536888,18.537007,18.53713,18.537258,18.537393,18.537542
"101",18.251564,18.257127,18.259951,18.261847,18.263272,18.264408,18.265351,18.266152,18.266847,18.267459,18.268003,18.268491,18.268932,18.269334,18.269701,18.270038,18.270348,18.270635,18.270901,18.271147,18.271376,18.271589,18.271787,18.271971,18.272143,18.272303,18.272465,18.272628,18.272793,18.27296,18.273128,18.273299,18.273472,18.273647,18.273824,18.274005,18.274188,18.274375,18.274565,18.274759,18.274958,18.275161,18.27537,18.275585,18.275808,18.27604,18.276283,18.27654,18.276819,18.27714
"102",17.940232,17.945378,17.947976,17.949705,17.950993,17.952012,17.95285,17.953558,17.954168,17.954701,17.955173,17.955594,17.955973,17.956317,17.956629,17.956915,17.957178,17.957419,17.957642,17.957849,17.95804,17.958218,17.958383,17.958536,17.958679,17.958812,17.958946,17.959081,17.959217,17.959355,17.959494,17.959634,17.959777,17.959921,17.960067,17.960215,17.960366,17.96052,17.960676,17.960835,17.960999,17.961166,17.961338,17.961515,17.961699,17.96189,17.962091,17.962304,17.962537,17.962807
"103",17.733809,17.739108,17.741739,17.743476,17.744763,17.745778,17.746612,17.747315,17.747921,17.74845,17.748919,17.749337,17.749713,17.750054,17.750365,17.750649,17.75091,17.75115,17.751372,17.751577,17.751767,17.751944,17.752108,17.75226,17.752403,17.752535,17.752668,17.752803,17.752938,17.753075,17.753213,17.753353,17.753494,17.753637,17.753782,17.753929,17.754078,17.75423,17.754385,17.754542,17.754703,17.754867,17.755036,17.75521,17.755389,17.755575,17.755769,17.755973,17.756192,17.756437
"104",17.450081,17.457295,17.460863,17.463205,17.464928,17.466279,17.467381,17.468306,17.469097,17.469786,17.470392,17.470931,17.471413,17.471849,17.472245,17.472605,17.472935,17.473238,17.473516,17.473774,17.474012,17.474232,17.474437,17.474626,17.474803,17.474967,17.475132,17.475299,17.475466,17.475635,17.475805,17.475976,17.47615,17.476325,17.476503,17.476683,17.476866,17.477051,17.47724,17.477432,17.477628,17.477828,17.478033,17.478243,17.47846,17.478685,17.478919,17.479164,17.479426,17.479715
"105",17.204385,17.210755,17.213903,17.215964,17.217477,17.218659,17.219622,17.220427,17.221115,17.221713,17.222238,17.222704,17.223121,17.223497,17.223838,17.224148,17.224432,17.224692,17.224931,17.225152,17.225356,17.225545,17.22572,17.225883,17.226034,17.226174,17.226315,17.226457,17.2266,17.226744,17.226889,17.227035,17.227183,17.227333,17.227484,17.227637,17.227792,17.22795,17.228109,17.228272,17.228437,17.228606,17.228778,17.228955,17.229136,17.229322,17.229514,17.229714,17.229925,17.230154
"106",16.984202,16.989055,16.991493,16.993117,16.994326,16.995285,16.996075,16.996743,16.997319,16.997824,16.998272,16.998672,16.999032,16.999359,16.999657,16.99993,17.000181,17.000412,17.000626,17.000823,17.001007,17.001177,17.001335,17.001483,17.00162,17.001747,17.001876,17.002006,17.002137,17.002269,17.002402,17.002537,17.002674,17.002812,17.002952,17.003094,17.003239,17.003385,17.003534,17.003687,17.003842,17.004001,17.004163,17.00433,17.004503,17.004681,17.004866,17.005061,17.005268,17.005499
"107",16.79226,16.795667,16.797393,16.798551,16.799421,16.800115,16.80069,16.80118,16.801606,16.80198,16.802313,16.802613,16.802884,16.80313,16.803356,16.803563,16.803755,16.803931,16.804095,16.804247,16.804388,16.80452,16.804642,16.804756,16.804863,16.804962,16.805062,16.805163,16.805266,16.805369,16.805474,16.805579,16.805687,16.805795,16.805906,16.806017,16.806131,16.806247,16.806365,16.806485,16.806608,16.806734,16.806862,16.806995,16.807131,16.807273,16.80742,16.807574,16.807738,16.807919
"108",16.561987,16.567606,16.570421,16.572284,16.573664,16.574751,16.575642,16.576393,16.577039,16.577602,16.5781,16.578544,16.578943,16.579304,16.579633,16.579933,16.580209,16.580462,16.580696,16.580912,16.581112,16.581298,16.58147,16.581631,16.58178,16.581919,16.582059,16.5822,16.582342,16.582485,16.58263,16.582776,16.582924,16.583074,16.583226,16.58338,16.583536,16.583695,16.583857,16.584021,16.58419,16.584362,16.584539,16.584721,16.584909,16.585104,16.585308,16.585524,16.585757,16.586023
"109",16.353598,16.35767,16.359719,16.361084,16.362102,16.36291,16.363577,16.364142,16.364631,16.36506,16.365441,16.365782,16.366091,16.366371,16.366627,16.366861,16.367077,16.367277,16.367461,16.367632,16.367791,16.367939,16.368076,16.368204,16.368324,16.368435,16.368547,16.368661,16.368775,16.368891,16.369008,16.369126,16.369246,16.369368,16.369491,16.369616,16.369743,16.369873,16.370005,16.37014,16.370278,16.370419,16.370564,16.370714,16.370868,16.371029,16.371198,16.371377,16.37157,16.371793
"110",16.154816,16.160729,16.163637,16.165539,16.166936,16.168031,16.168925,16.169676,16.170319,16.17088,16.171374,16.171813,16.172208,16.172565,16.172888,16.173184,16.173455,16.173704,16.173933,16.174145,16.174342,16.174523,16.174692,16.174849,16.174995,16.175131,16.175267,16.175405,16.175543,16.175683,16.175823,16.175966,16.17611,16.176255,16.176402,16.176551,16.176702,16.176856,16.177012,16.17717,16.177332,16.177496,16.177665,16.177838,16.178015,16.178198,16.178387,16.178584,16.178791,16.179015
"111",15.93805,15.944314,15.947482,15.949585,15.951146,15.952376,15.953384,15.954233,15.954961,15.955596,15.956157,15.956656,15.957103,15.957508,15.957875,15.95821,15.958517,15.958799,15.959059,15.959299,15.959521,15.959726,15.959917,15.960094,15.960258,15.960412,15.960566,15.960721,15.960877,15.961034,15.961193,15.961354,15.961516,15.96168,15.961846,15.962015,15.962186,15.962359,15.962535,15.962715,15.962898,15.963085,15.963277,15.963474,15.963678,15.963888,15.964107,15.964337,15.964583,15.964856
"112",15.627444,15.635138,15.639055,15.641679,15.643642,15.645203,15.646492,15.647585,15.64853,15.649358,15.650093,15.650751,15.651344,15.651882,15.652373,15.652822,15.653236,15.653617,15.653969,15.654295,15.654597,15.654878,15.655139,15.655382,15.655608,15.655819,15.656031,15.656245,15.656461,15.656679,15.656899,15.657122,15.657347,15.657575,15.657807,15.658041,15.658279,15.658521,15.658767,15.659018,15.659274,15.659535,15.659803,15.660079,15.660362,15.660656,15.660962,15.661283,15.661626,15.662008
"113",15.27901,15.284978,15.288007,15.290028,15.291535,15.292728,15.29371,15.29454,15.295254,15.295879,15.296431,15.296925,15.297368,15.29777,15.298135,15.298469,15.298775,15.299057,15.299317,15.299558,15.29978,15.299987,15.300178,15.300357,15.300522,15.300676,15.300831,15.300988,15.301145,15.301304,15.301465,15.301627,15.301791,15.301956,15.302124,15.302294,15.302466,15.302641,15.302818,15.302999,15.303183,15.30337,15.303562,15.303758,15.303959,15.304165,15.304379,15.3046,15.304831,15.305079
"114",15.021919,15.030008,15.033929,15.036468,15.038319,15.03976,15.04093,15.041906,15.042739,15.043462,15.044096,15.044658,15.045162,15.045615,15.046025,15.046399,15.046741,15.047054,15.047342,15.047608,15.047853,15.048081,15.048291,15.048487,15.04867,15.048841,15.04901,15.049182,15.049353,15.049526,15.049701,15.049877,15.050055,15.050235,15.050416,15.050601,15.050787,15.050977,15.051169,15.051365,15.051565,15.051769,15.051977,15.052191,15.05241,15.052637,15.052872,15.053117,15.053377,15.053661
"115",14.730122,14.7374,14.741086,14.743545,14.74538,14.746835,14.748036,14.749052,14.74993,14.7507,14.751382,14.751992,14.752542,14.753042,14.753497,14.753914,14.754297,14.75465,14.754976,14.755279,14.755559,14.755819,14.756061,14.756287,14.756496,14.756691,14.756888,14.757087,14.757287,14.757489,14.757693,14.757899,14.758108,14.758319,14.758534,14.758751,14.758971,14.759195,14.759423,14.759655,14.759891,14.760133,14.760381,14.760635,14.760896,14.761166,14.761447,14.76174,14.76205,14.762388
"116",14.290309,14.297846,14.301626,14.304136,14.306005,14.307487,14.308708,14.309743,14.310638,14.311422,14.312119,14.312743,14.313307,14.313819,14.314286,14.314715,14.315109,14.315473,14.31581,14.316122,14.316412,14.316682,14.316933,14.317166,14.317384,14.317588,14.317793,14.318,14.318208,14.318419,14.318632,14.318847,14.319065,14.319286,14.31951,14.319738,14.319969,14.320204,14.320443,14.320687,14.320936,14.321191,14.321452,14.321721,14.321998,14.322284,14.322583,14.322897,14.323231,14.323601
"117",13.824314,13.832483,13.836568,13.839272,13.841279,13.842865,13.844169,13.845271,13.846222,13.847053,13.84779,13.848449,13.849042,13.84958,13.85007,13.850519,13.850932,13.851312,13.851663,13.851988,13.85229,13.85257,13.85283,13.853072,13.853299,13.853511,13.853722,13.853936,13.854152,13.854369,13.854589,13.854811,13.855036,13.855263,13.855494,13.855728,13.855965,13.856206,13.856452,13.856702,13.856958,13.857219,13.857487,13.857762,13.858046,13.85834,13.858646,13.858968,13.859311,13.859695
"118",13.346809,13.352788,13.355857,13.357936,13.359511,13.360779,13.361837,13.362744,13.363535,13.364236,13.364863,13.365428,13.365942,13.366412,13.366843,13.36724,13.367607,13.367947,13.368263,13.368557,13.368831,13.369086,13.369325,13.369547,13.369754,13.369948,13.370144,13.370342,13.370542,13.370744,13.370949,13.371157,13.371368,13.371582,13.371799,13.372019,13.372243,13.372471,13.372704,13.372941,13.373184,13.373432,13.373686,13.373948,13.374218,13.374497,13.374788,13.375093,13.375417,13.375772
"119",12.768144,12.776673,12.780955,12.783799,12.785916,12.787594,12.788979,12.790152,12.791166,12.792055,12.792845,12.793552,12.794191,12.794771,12.7953,12.795786,12.796232,12.796644,12.797025,12.797378,12.797706,12.798011,12.798294,12.798558,12.798804,12.799033,12.799264,12.799497,12.799732,12.799969,12.800208,12.80045,12.800695,12.800943,12.801194,12.801448,12.801706,12.801967,12.802233,12.802503,12.802778,12.803058,12.803344,12.803636,12.803934,12.804241,12.804555,12.804879,12.805214,12.805565
"120",12.277318,12.284594,12.288321,12.290835,12.292731,12.294247,12.295508,12.296583,12.297517,12.29834,12.299074,12.299734,12.300331,12.300875,12.301373,12.30183,12.302252,12.302642,12.303003,12.303338,12.30365,12.30394,12.304211,12.304462,12.304697,12.304916,12.305136,12.305359,12.305584,12.305812,12.306042,12.306275,12.306511,12.30675,12.306993,12.307239,12.307489,12.307743,12.308001,12.308265,12.308534,12.308809,12.30909,12.30938,12.309677,12.309985,12.310304,12.310638,12.310992,12.311383
"121",11.91346,11.922784,11.927336,11.930276,11.932412,11.934068,11.935407,11.936521,11.937468,11.938287,11.939004,11.939638,11.940204,11.940713,11.941173,11.941591,11.941972,11.942321,11.942641,11.942937,11.943209,11.943461,11.943694,11.94391,11.944114,11.944303,11.94449,11.944679,11.944869,11.945059,11.945251,11.945445,11.945641,11.945839,11.946039,11.946241,11.946447,11.946655,11.946867,11.947083,11.947302,11.947527,11.947757,11.947993,11.948236,11.948487,11.948749,11.949024,11.949318,11.949646
"122",11.694092,11.698626,11.700942,11.702502,11.703679,11.70462,11.705402,11.70607,11.70665,11.707162,11.707619,11.708029,11.708402,11.708741,11.709051,11.709337,11.7096,11.709844,11.71007,11.71028,11.710475,11.710656,11.710826,11.710984,11.711131,11.711268,11.711407,11.711547,11.711689,11.711832,11.711977,11.712123,11.712272,11.712423,11.712576,11.712731,11.712889,11.71305,11.713214,11.713382,11.713554,11.713729,11.71391,11.714097,11.71429,11.714491,11.714702,11.714926,11.715169,11.71545
"123",11.316104,11.324274,11.328425,11.331203,11.33328,11.33493,11.336292,11.337447,11.338445,11.33932,11.340096,11.340791,11.341418,11.341986,11.342505,11.34298,11.343417,11.343819,11.344192,11.344536,11.344856,11.345153,11.345429,11.345686,11.345925,11.346148,11.346372,11.346599,11.346827,11.347058,11.347291,11.347526,11.347765,11.348006,11.348251,11.348499,11.34875,11.349006,11.349266,11.349531,11.349802,11.350078,11.350361,11.350651,11.350949,11.351258,11.351577,11.35191,11.352261,11.352641
"124",10.873493,10.882897,10.887559,10.890619,10.892877,10.894652,10.896105,10.897329,10.89838,10.899297,10.900107,10.90083,10.90148,10.902068,10.902604,10.903093,10.903542,10.903955,10.904337,10.904689,10.905016,10.90532,10.905602,10.905865,10.906111,10.906341,10.90657,10.906801,10.907034,10.907269,10.907506,10.907746,10.907988,10.908234,10.908483,10.908736,10.908992,10.909253,10.909519,10.90979,10.910067,10.91035,10.910641,10.91094,10.91125,10.911571,10.911907,10.912263,10.912646,10.913081
